code,name,slug,province_code,regency_code,city,address,website,logo_path,contact_name,contact_phone
pdam-aceh-selatan-1101,"Perumda Air Minum Kabupaten Aceh Selatan",perumda-air-minum-kabupaten-aceh-selatan,11,11.01,"Aceh Selatan","Jl. Utama, Aceh Selatan",,/assets/brand/logos/pdam/aceh-selatan.png,,
pdam-aceh-tenggara-1102,"Perumda Air Minum Kabupaten Aceh Tenggara",perumda-air-minum-kabupaten-aceh-tenggara,11,11.02,"Aceh Tenggara","Jl. Utama, Aceh Tenggara",,/assets/brand/logos/pdam/aceh-tenggara.png,,
pdam-aceh-timur-1103,"Perumda Air Minum Kabupaten Aceh Timur",perumda-air-minum-kabupaten-aceh-timur,11,11.03,"Aceh Timur","Jl. Utama, Aceh Timur",,/assets/brand/logos/pdam/aceh-timur.png,,
pdam-aceh-tengah-1104,"Perumda Air Minum Kabupaten Aceh Tengah",perumda-air-minum-kabupaten-aceh-tengah,11,11.04,"Aceh Tengah","Jl. Utama, Aceh Tengah",,/assets/brand/logos/pdam/aceh-tengah.png,,
pdam-aceh-barat-1105,"Perumda Air Minum Kabupaten Aceh Barat",perumda-air-minum-kabupaten-aceh-barat,11,11.05,"Aceh Barat","Jl. Utama, Aceh Barat",,/assets/brand/logos/pdam/aceh-barat.png,,
pdam-aceh-besar-1106,"Perumda Air Minum Kabupaten Aceh Besar",perumda-air-minum-kabupaten-aceh-besar,11,11.06,"Aceh Besar","Jl. Utama, Aceh Besar",,/assets/brand/logos/pdam/aceh-besar.png,,
pdam-pidie-1107,"Perumda Air Minum Kabupaten Pidie",perumda-air-minum-kabupaten-pidie,11,11.07,Pidie,"Jl. Utama, Pidie",,/assets/brand/logos/pdam/pidie.png,,
pdam-aceh-utara-1108,"Perumda Air Minum Kabupaten Aceh Utara",perumda-air-minum-kabupaten-aceh-utara,11,11.08,"Aceh Utara","Jl. Utama, Aceh Utara",,/assets/brand/logos/pdam/aceh-utara.png,,
pdam-simeulue-1109,"Perumda Air Minum Kabupaten Simeulue",perumda-air-minum-kabupaten-simeulue,11,11.09,Simeulue,"Jl. Utama, Simeulue",,/assets/brand/logos/pdam/simeulue.png,,
pdam-aceh-singkil-1110,"Perumda Air Minum Kabupaten Aceh Singkil",perumda-air-minum-kabupaten-aceh-singkil,11,11.10,"Aceh Singkil","Jl. Utama, Aceh Singkil",,/assets/brand/logos/pdam/aceh-singkil.png,,
pdam-bireuen-1111,"Perumda Air Minum Kabupaten Bireuen",perumda-air-minum-kabupaten-bireuen,11,11.11,Bireuen,"Jl. Utama, Bireuen",,/assets/brand/logos/pdam/bireuen.png,,
pdam-aceh-barat-daya-1112,"Perumda Air Minum Kabupaten Aceh Barat Daya",perumda-air-minum-kabupaten-aceh-barat-daya,11,11.12,"Aceh Barat Daya","Jl. Utama, Aceh Barat Daya",,/assets/brand/logos/pdam/aceh-barat-daya.png,,
pdam-gayo-lues-1113,"Perumda Air Minum Kabupaten Gayo Lues",perumda-air-minum-kabupaten-gayo-lues,11,11.13,"Gayo Lues","Jl. Utama, Gayo Lues",,/assets/brand/logos/pdam/gayo-lues.png,,
pdam-aceh-jaya-1114,"Perumda Air Minum Kabupaten Aceh Jaya",perumda-air-minum-kabupaten-aceh-jaya,11,11.14,"Aceh Jaya","Jl. Utama, Aceh Jaya",,/assets/brand/logos/pdam/aceh-jaya.png,,
pdam-nagan-raya-1115,"Perumda Air Minum Kabupaten Nagan Raya",perumda-air-minum-kabupaten-nagan-raya,11,11.15,"Nagan Raya","Jl. Utama, Nagan Raya",,/assets/brand/logos/pdam/nagan-raya.png,,
pdam-aceh-tamiang-1116,"Perumda Air Minum Kabupaten Aceh Tamiang",perumda-air-minum-kabupaten-aceh-tamiang,11,11.16,"Aceh Tamiang","Jl. Utama, Aceh Tamiang",,/assets/brand/logos/pdam/aceh-tamiang.png,,
pdam-bener-meriah-1117,"Perumda Air Minum Kabupaten Bener Meriah",perumda-air-minum-kabupaten-bener-meriah,11,11.17,"Bener Meriah","Jl. Utama, Bener Meriah",,/assets/brand/logos/pdam/bener-meriah.png,,
pdam-pidie-jaya-1118,"Perumda Air Minum Kabupaten Pidie Jaya",perumda-air-minum-kabupaten-pidie-jaya,11,11.18,"Pidie Jaya","Jl. Utama, Pidie Jaya",,/assets/brand/logos/pdam/pidie-jaya.png,,
pdam-banda-aceh-1171,"Perumdam Tirta Daroy Banda Aceh",perumdam-tirta-daroy-banda-aceh,11,11.71,"Banda Aceh","Jl. Stadion H. Dimurthala, Banda Aceh",,/assets/brand/logos/pdam/banda-aceh.png,,
pdam-sabang-1172,"Perumda Air Minum Kota Sabang",perumda-air-minum-kota-sabang,11,11.72,Sabang,"Jl. Utama, Sabang",,/assets/brand/logos/pdam/sabang.png,,
pdam-lhokseumawe-1173,"Perumda Air Minum Kota Lhokseumawe",perumda-air-minum-kota-lhokseumawe,11,11.73,Lhokseumawe,"Jl. Utama, Lhokseumawe",,/assets/brand/logos/pdam/lhokseumawe.png,,
pdam-langsa-1174,"Perumda Air Minum Kota Langsa",perumda-air-minum-kota-langsa,11,11.74,Langsa,"Jl. Utama, Langsa",,/assets/brand/logos/pdam/langsa.png,,
pdam-subulussalam-1175,"Perumda Air Minum Kota Subulussalam",perumda-air-minum-kota-subulussalam,11,11.75,Subulussalam,"Jl. Utama, Subulussalam",,/assets/brand/logos/pdam/subulussalam.png,,
pdam-tapanuli-tengah-1201,"Perumda Air Minum Kabupaten Tapanuli Tengah",perumda-air-minum-kabupaten-tapanuli-tengah,12,12.01,"Tapanuli Tengah","Jl. Utama, Tapanuli Tengah",,/assets/brand/logos/pdam/tapanuli-tengah.png,,
pdam-tapanuli-utara-1202,"Perumda Air Minum Kabupaten Tapanuli Utara",perumda-air-minum-kabupaten-tapanuli-utara,12,12.02,"Tapanuli Utara","Jl. Utama, Tapanuli Utara",,/assets/brand/logos/pdam/tapanuli-utara.png,,
pdam-tapanuli-selatan-1203,"Perumda Air Minum Kabupaten Tapanuli Selatan",perumda-air-minum-kabupaten-tapanuli-selatan,12,12.03,"Tapanuli Selatan","Jl. Utama, Tapanuli Selatan",,/assets/brand/logos/pdam/tapanuli-selatan.png,,
pdam-nias-1204,"Perumda Air Minum Kabupaten Nias",perumda-air-minum-kabupaten-nias,12,12.04,Nias,"Jl. Utama, Nias",,/assets/brand/logos/pdam/nias.png,,
pdam-langkat-1205,"Perumda Air Minum Kabupaten Langkat",perumda-air-minum-kabupaten-langkat,12,12.05,Langkat,"Jl. Utama, Langkat",,/assets/brand/logos/pdam/langkat.png,,
pdam-karo-1206,"Perumda Air Minum Kabupaten Karo",perumda-air-minum-kabupaten-karo,12,12.06,Karo,"Jl. Utama, Karo",,/assets/brand/logos/pdam/karo.png,,
pdam-deli-serdang-1207,"Perumda Air Minum Kabupaten Deli Serdang",perumda-air-minum-kabupaten-deli-serdang,12,12.07,"Deli Serdang","Jl. Utama, Deli Serdang",,/assets/brand/logos/pdam/deli-serdang.png,,
pdam-simalungun-1208,"Perumda Air Minum Kabupaten Simalungun",perumda-air-minum-kabupaten-simalungun,12,12.08,Simalungun,"Jl. Utama, Simalungun",,/assets/brand/logos/pdam/simalungun.png,,
pdam-asahan-1209,"Perumda Air Minum Kabupaten Asahan",perumda-air-minum-kabupaten-asahan,12,12.09,Asahan,"Jl. Utama, Asahan",,/assets/brand/logos/pdam/asahan.png,,
pdam-labuhanbatu-1210,"Perumda Air Minum Kabupaten Labuhanbatu",perumda-air-minum-kabupaten-labuhanbatu,12,12.10,Labuhanbatu,"Jl. Utama, Labuhanbatu",,/assets/brand/logos/pdam/labuhanbatu.png,,
pdam-dairi-1211,"Perumda Air Minum Kabupaten Dairi",perumda-air-minum-kabupaten-dairi,12,12.11,Dairi,"Jl. Utama, Dairi",,/assets/brand/logos/pdam/dairi.png,,
pdam-toba-1212,"Perumda Air Minum Kabupaten Toba",perumda-air-minum-kabupaten-toba,12,12.12,Toba,"Jl. Utama, Toba",,/assets/brand/logos/pdam/toba.png,,
pdam-mandailing-natal-1213,"Perumda Air Minum Kabupaten Mandailing Natal",perumda-air-minum-kabupaten-mandailing-natal,12,12.13,"Mandailing Natal","Jl. Utama, Mandailing Natal",,/assets/brand/logos/pdam/mandailing-natal.png,,
pdam-nias-selatan-1214,"Perumda Air Minum Kabupaten Nias Selatan",perumda-air-minum-kabupaten-nias-selatan,12,12.14,"Nias Selatan","Jl. Utama, Nias Selatan",,/assets/brand/logos/pdam/nias-selatan.png,,
pdam-pakpak-bharat-1215,"Perumda Air Minum Kabupaten Pakpak Bharat",perumda-air-minum-kabupaten-pakpak-bharat,12,12.15,"Pakpak Bharat","Jl. Utama, Pakpak Bharat",,/assets/brand/logos/pdam/pakpak-bharat.png,,
pdam-humbang-hasundutan-1216,"Perumda Air Minum Kabupaten Humbang Hasundutan",perumda-air-minum-kabupaten-humbang-hasundutan,12,12.16,"Humbang Hasundutan","Jl. Utama, Humbang Hasundutan",,/assets/brand/logos/pdam/humbang-hasundutan.png,,
pdam-samosir-1217,"Perumda Air Minum Kabupaten Samosir",perumda-air-minum-kabupaten-samosir,12,12.17,Samosir,"Jl. Utama, Samosir",,/assets/brand/logos/pdam/samosir.png,,
pdam-serdang-bedagai-1218,"Perumda Air Minum Kabupaten Serdang Bedagai",perumda-air-minum-kabupaten-serdang-bedagai,12,12.18,"Serdang Bedagai","Jl. Utama, Serdang Bedagai",,/assets/brand/logos/pdam/serdang-bedagai.png,,
pdam-batu-bara-1219,"Perumda Air Minum Kabupaten Batu Bara",perumda-air-minum-kabupaten-batu-bara,12,12.19,"Batu Bara","Jl. Utama, Batu Bara",,/assets/brand/logos/pdam/batu-bara.png,,
pdam-padang-lawas-utara-1220,"Perumda Air Minum Kabupaten Padang Lawas Utara",perumda-air-minum-kabupaten-padang-lawas-utara,12,12.20,"Padang Lawas Utara","Jl. Utama, Padang Lawas Utara",,/assets/brand/logos/pdam/padang-lawas-utara.png,,
pdam-padang-lawas-1221,"Perumda Air Minum Kabupaten Padang Lawas",perumda-air-minum-kabupaten-padang-lawas,12,12.21,"Padang Lawas","Jl. Utama, Padang Lawas",,/assets/brand/logos/pdam/padang-lawas.png,,
pdam-labuhanbatu-selatan-1222,"Perumda Air Minum Kabupaten Labuhanbatu Selatan",perumda-air-minum-kabupaten-labuhanbatu-selatan,12,12.22,"Labuhanbatu Selatan","Jl. Utama, Labuhanbatu Selatan",,/assets/brand/logos/pdam/labuhanbatu-selatan.png,,
pdam-labuhanbatu-utara-1223,"Perumda Air Minum Kabupaten Labuhanbatu Utara",perumda-air-minum-kabupaten-labuhanbatu-utara,12,12.23,"Labuhanbatu Utara","Jl. Utama, Labuhanbatu Utara",,/assets/brand/logos/pdam/labuhanbatu-utara.png,,
pdam-nias-utara-1224,"Perumda Air Minum Kabupaten Nias Utara",perumda-air-minum-kabupaten-nias-utara,12,12.24,"Nias Utara","Jl. Utama, Nias Utara",,/assets/brand/logos/pdam/nias-utara.png,,
pdam-nias-barat-1225,"Perumda Air Minum Kabupaten Nias Barat",perumda-air-minum-kabupaten-nias-barat,12,12.25,"Nias Barat","Jl. Utama, Nias Barat",,/assets/brand/logos/pdam/nias-barat.png,,
pdam-medan-1271,"Perumda Tirtanadi Sumatera Utara",perumda-tirtanadi-sumatera-utara,12,12.71,Medan,"Jl. Sisingamangaraja No.1, Medan",pdamtirtanadi.co.id,/assets/brand/logos/pdam/medan.png,,
pdam-pematangsiantar-1272,"Perumda Air Minum Kota Pematangsiantar",perumda-air-minum-kota-pematangsiantar,12,12.72,Pematangsiantar,"Jl. Utama, Pematangsiantar",,/assets/brand/logos/pdam/pematangsiantar.png,,
pdam-sibolga-1273,"Perumda Air Minum Kota Sibolga",perumda-air-minum-kota-sibolga,12,12.73,Sibolga,"Jl. Utama, Sibolga",,/assets/brand/logos/pdam/sibolga.png,,
pdam-tanjungbalai-1274,"Perumda Air Minum Kota Tanjungbalai",perumda-air-minum-kota-tanjungbalai,12,12.74,Tanjungbalai,"Jl. Utama, Tanjungbalai",,/assets/brand/logos/pdam/tanjungbalai.png,,
pdam-binjai-1275,"Perumda Air Minum Kota Binjai",perumda-air-minum-kota-binjai,12,12.75,Binjai,"Jl. Utama, Binjai",,/assets/brand/logos/pdam/binjai.png,,
pdam-tebing-tinggi-1276,"Perumda Air Minum Kota Tebing Tinggi",perumda-air-minum-kota-tebing-tinggi,12,12.76,"Tebing Tinggi","Jl. Utama, Tebing Tinggi",,/assets/brand/logos/pdam/tebing-tinggi.png,,
pdam-padangsidimpuan-1277,"Perumda Air Minum Kota Padangsidimpuan",perumda-air-minum-kota-padangsidimpuan,12,12.77,Padangsidimpuan,"Jl. Utama, Padangsidimpuan",,/assets/brand/logos/pdam/padangsidimpuan.png,,
pdam-gunungsitoli-1278,"Perumda Air Minum Kota Gunungsitoli",perumda-air-minum-kota-gunungsitoli,12,12.78,Gunungsitoli,"Jl. Utama, Gunungsitoli",,/assets/brand/logos/pdam/gunungsitoli.png,,
pdam-pesisir-selatan-1301,"Perumda Air Minum Kabupaten Pesisir Selatan",perumda-air-minum-kabupaten-pesisir-selatan,13,13.01,"Pesisir Selatan","Jl. Utama, Pesisir Selatan",,/assets/brand/logos/pdam/pesisir-selatan.png,,
pdam-solok-1302,"Perumda Air Minum Kabupaten Solok",perumda-air-minum-kabupaten-solok,13,13.02,Solok,"Jl. Utama, Solok",,/assets/brand/logos/pdam/solok.png,,
pdam-sijunjung-1303,"Perumda Air Minum Kabupaten Sijunjung",perumda-air-minum-kabupaten-sijunjung,13,13.03,Sijunjung,"Jl. Utama, Sijunjung",,/assets/brand/logos/pdam/sijunjung.png,,
pdam-tanah-datar-1304,"Perumda Air Minum Kabupaten Tanah Datar",perumda-air-minum-kabupaten-tanah-datar,13,13.04,"Tanah Datar","Jl. Utama, Tanah Datar",,/assets/brand/logos/pdam/tanah-datar.png,,
pdam-padang-pariaman-1305,"Perumda Air Minum Kabupaten Padang Pariaman",perumda-air-minum-kabupaten-padang-pariaman,13,13.05,"Padang Pariaman","Jl. Utama, Padang Pariaman",,/assets/brand/logos/pdam/padang-pariaman.png,,
pdam-agam-1306,"Perumda Air Minum Kabupaten Agam",perumda-air-minum-kabupaten-agam,13,13.06,Agam,"Jl. Utama, Agam",,/assets/brand/logos/pdam/agam.png,,
pdam-lima-puluh-kota-1307,"Perumda Air Minum Kabupaten Lima Puluh Kota",perumda-air-minum-kabupaten-lima-puluh-kota,13,13.07,"Lima Puluh Kota","Jl. Utama, Lima Puluh Kota",,/assets/brand/logos/pdam/lima-puluh-kota.png,,
pdam-pasaman-1308,"Perumda Air Minum Kabupaten Pasaman",perumda-air-minum-kabupaten-pasaman,13,13.08,Pasaman,"Jl. Utama, Pasaman",,/assets/brand/logos/pdam/pasaman.png,,
pdam-kepulauan-mentawai-1309,"Perumda Air Minum Kabupaten Kepulauan Mentawai",perumda-air-minum-kabupaten-kepulauan-mentawai,13,13.09,"Kepulauan Mentawai","Jl. Utama, Kepulauan Mentawai",,/assets/brand/logos/pdam/kepulauan-mentawai.png,,
pdam-dharmasraya-1310,"Perumda Air Minum Kabupaten Dharmasraya",perumda-air-minum-kabupaten-dharmasraya,13,13.10,Dharmasraya,"Jl. Utama, Dharmasraya",,/assets/brand/logos/pdam/dharmasraya.png,,
pdam-solok-selatan-1311,"Perumda Air Minum Kabupaten Solok Selatan",perumda-air-minum-kabupaten-solok-selatan,13,13.11,"Solok Selatan","Jl. Utama, Solok Selatan",,/assets/brand/logos/pdam/solok-selatan.png,,
pdam-pasaman-barat-1312,"Perumda Air Minum Kabupaten Pasaman Barat",perumda-air-minum-kabupaten-pasaman-barat,13,13.12,"Pasaman Barat","Jl. Utama, Pasaman Barat",,/assets/brand/logos/pdam/pasaman-barat.png,,
pdam-padang-1371,"Perumda Air Minum Kota Padang",perumda-air-minum-kota-padang,13,13.71,Padang,"Jl. H. Agus Salim No.10, Padang",,/assets/brand/logos/pdam/padang.png,,
pdam-solok-1372,"Perumda Air Minum Kota Solok",perumda-air-minum-kota-solok,13,13.72,Solok,"Jl. Utama, Solok",,/assets/brand/logos/pdam/solok.png,,
pdam-sawahlunto-1373,"Perumda Air Minum Kota Sawahlunto",perumda-air-minum-kota-sawahlunto,13,13.73,Sawahlunto,"Jl. Utama, Sawahlunto",,/assets/brand/logos/pdam/sawahlunto.png,,
pdam-padang-panjang-1374,"Perumda Air Minum Kota Padang Panjang",perumda-air-minum-kota-padang-panjang,13,13.74,"Padang Panjang","Jl. Utama, Padang Panjang",,/assets/brand/logos/pdam/padang-panjang.png,,
pdam-bukittinggi-1375,"Perumda Air Minum Kota Bukittinggi",perumda-air-minum-kota-bukittinggi,13,13.75,Bukittinggi,"Jl. Utama, Bukittinggi",,/assets/brand/logos/pdam/bukittinggi.png,,
pdam-payakumbuh-1376,"Perumda Air Minum Kota Payakumbuh",perumda-air-minum-kota-payakumbuh,13,13.76,Payakumbuh,"Jl. Utama, Payakumbuh",,/assets/brand/logos/pdam/payakumbuh.png,,
pdam-pariaman-1377,"Perumda Air Minum Kota Pariaman",perumda-air-minum-kota-pariaman,13,13.77,Pariaman,"Jl. Utama, Pariaman",,/assets/brand/logos/pdam/pariaman.png,,
pdam-kampar-1401,"Perumda Air Minum Kabupaten Kampar",perumda-air-minum-kabupaten-kampar,14,14.01,Kampar,"Jl. Utama, Kampar",,/assets/brand/logos/pdam/kampar.png,,
pdam-indragiri-hulu-1402,"Perumda Air Minum Kabupaten Indragiri Hulu",perumda-air-minum-kabupaten-indragiri-hulu,14,14.02,"Indragiri Hulu","Jl. Utama, Indragiri Hulu",,/assets/brand/logos/pdam/indragiri-hulu.png,,
pdam-bengkalis-1403,"Perumda Air Minum Kabupaten Bengkalis",perumda-air-minum-kabupaten-bengkalis,14,14.03,Bengkalis,"Jl. Utama, Bengkalis",,/assets/brand/logos/pdam/bengkalis.png,,
pdam-indragiri-hilir-1404,"Perumda Air Minum Kabupaten Indragiri Hilir",perumda-air-minum-kabupaten-indragiri-hilir,14,14.04,"Indragiri Hilir","Jl. Utama, Indragiri Hilir",,/assets/brand/logos/pdam/indragiri-hilir.png,,
pdam-pelalawan-1405,"Perumda Air Minum Kabupaten Pelalawan",perumda-air-minum-kabupaten-pelalawan,14,14.05,Pelalawan,"Jl. Utama, Pelalawan",,/assets/brand/logos/pdam/pelalawan.png,,
pdam-rokan-hulu-1406,"Perumda Air Minum Kabupaten Rokan Hulu",perumda-air-minum-kabupaten-rokan-hulu,14,14.06,"Rokan Hulu","Jl. Utama, Rokan Hulu",,/assets/brand/logos/pdam/rokan-hulu.png,,
pdam-rokan-hilir-1407,"Perumda Air Minum Kabupaten Rokan Hilir",perumda-air-minum-kabupaten-rokan-hilir,14,14.07,"Rokan Hilir","Jl. Utama, Rokan Hilir",,/assets/brand/logos/pdam/rokan-hilir.png,,
pdam-siak-1408,"Perumda Air Minum Kabupaten Siak",perumda-air-minum-kabupaten-siak,14,14.08,Siak,"Jl. Utama, Siak",,/assets/brand/logos/pdam/siak.png,,
pdam-kuantan-singingi-1409,"Perumda Air Minum Kabupaten Kuantan Singingi",perumda-air-minum-kabupaten-kuantan-singingi,14,14.09,"Kuantan Singingi","Jl. Utama, Kuantan Singingi",,/assets/brand/logos/pdam/kuantan-singingi.png,,
pdam-kepulauan-meranti-1410,"Perumda Air Minum Kabupaten Kepulauan Meranti",perumda-air-minum-kabupaten-kepulauan-meranti,14,14.10,"Kepulauan Meranti","Jl. Utama, Kepulauan Meranti",,/assets/brand/logos/pdam/kepulauan-meranti.png,,
pdam-pekanbaru-1471,"Perumdam Tirta Siak Pekanbaru",perumdam-tirta-siak-pekanbaru,14,14.71,Pekanbaru,"Jl. Jenderal Sudirman, Pekanbaru",,/assets/brand/logos/pdam/pekanbaru.png,,
pdam-dumai-1472,"Perumda Air Minum Kota Dumai",perumda-air-minum-kota-dumai,14,14.72,Dumai,"Jl. Utama, Dumai",,/assets/brand/logos/pdam/dumai.png,,
pdam-kerinci-1501,"Perumda Air Minum Kabupaten Kerinci",perumda-air-minum-kabupaten-kerinci,15,15.01,Kerinci,"Jl. Utama, Kerinci",,/assets/brand/logos/pdam/kerinci.png,,
pdam-merangin-1502,"Perumda Air Minum Kabupaten Merangin",perumda-air-minum-kabupaten-merangin,15,15.02,Merangin,"Jl. Utama, Merangin",,/assets/brand/logos/pdam/merangin.png,,
pdam-sarolangun-1503,"Perumda Air Minum Kabupaten Sarolangun",perumda-air-minum-kabupaten-sarolangun,15,15.03,Sarolangun,"Jl. Utama, Sarolangun",,/assets/brand/logos/pdam/sarolangun.png,,
pdam-batanghari-1504,"Perumda Air Minum Kabupaten Batanghari",perumda-air-minum-kabupaten-batanghari,15,15.04,Batanghari,"Jl. Utama, Batanghari",,/assets/brand/logos/pdam/batanghari.png,,
pdam-muaro-jambi-1505,"Perumda Air Minum Kabupaten Muaro Jambi",perumda-air-minum-kabupaten-muaro-jambi,15,15.05,"Muaro Jambi","Jl. Utama, Muaro Jambi",,/assets/brand/logos/pdam/muaro-jambi.png,,
pdam-tanjung-jabung-barat-1506,"Perumda Air Minum Kabupaten Tanjung Jabung Barat",perumda-air-minum-kabupaten-tanjung-jabung-barat,15,15.06,"Tanjung Jabung Barat","Jl. Utama, Tanjung Jabung Barat",,/assets/brand/logos/pdam/tanjung-jabung-barat.png,,
pdam-tanjung-jabung-timur-1507,"Perumda Air Minum Kabupaten Tanjung Jabung Timur",perumda-air-minum-kabupaten-tanjung-jabung-timur,15,15.07,"Tanjung Jabung Timur","Jl. Utama, Tanjung Jabung Timur",,/assets/brand/logos/pdam/tanjung-jabung-timur.png,,
pdam-bungo-1508,"Perumda Air Minum Kabupaten Bungo",perumda-air-minum-kabupaten-bungo,15,15.08,Bungo,"Jl. Utama, Bungo",,/assets/brand/logos/pdam/bungo.png,,
pdam-tebo-1509,"Perumda Air Minum Kabupaten Tebo",perumda-air-minum-kabupaten-tebo,15,15.09,Tebo,"Jl. Utama, Tebo",,/assets/brand/logos/pdam/tebo.png,,
pdam-jambi-1571,"Perumdam Tirta Batanghari Jambi",perumdam-tirta-batanghari-jambi,15,15.71,Jambi,"Jl. Cik Ditiro, Jambi",,/assets/brand/logos/pdam/jambi.png,,
pdam-sungai-penuh-1572,"Perumda Air Minum Kota Sungai Penuh",perumda-air-minum-kota-sungai-penuh,15,15.72,"Sungai Penuh","Jl. Utama, Sungai Penuh",,/assets/brand/logos/pdam/sungai-penuh.png,,
pdam-ogan-komering-ulu-1601,"Perumda Air Minum Kabupaten Ogan Komering Ulu",perumda-air-minum-kabupaten-ogan-komering-ulu,16,16.01,"Ogan Komering Ulu","Jl. Utama, Ogan Komering Ulu",,/assets/brand/logos/pdam/ogan-komering-ulu.png,,
pdam-ogan-komering-ilir-1602,"Perumda Air Minum Kabupaten Ogan Komering Ilir",perumda-air-minum-kabupaten-ogan-komering-ilir,16,16.02,"Ogan Komering Ilir","Jl. Utama, Ogan Komering Ilir",,/assets/brand/logos/pdam/ogan-komering-ilir.png,,
pdam-muara-enim-1603,"Perumda Air Minum Kabupaten Muara Enim",perumda-air-minum-kabupaten-muara-enim,16,16.03,"Muara Enim","Jl. Utama, Muara Enim",,/assets/brand/logos/pdam/muara-enim.png,,
pdam-lahat-1604,"Perumda Air Minum Kabupaten Lahat",perumda-air-minum-kabupaten-lahat,16,16.04,Lahat,"Jl. Utama, Lahat",,/assets/brand/logos/pdam/lahat.png,,
pdam-musi-rawas-1605,"Perumda Air Minum Kabupaten Musi Rawas",perumda-air-minum-kabupaten-musi-rawas,16,16.05,"Musi Rawas","Jl. Utama, Musi Rawas",,/assets/brand/logos/pdam/musi-rawas.png,,
pdam-musi-banyuasin-1606,"Perumda Air Minum Kabupaten Musi Banyuasin",perumda-air-minum-kabupaten-musi-banyuasin,16,16.06,"Musi Banyuasin","Jl. Utama, Musi Banyuasin",,/assets/brand/logos/pdam/musi-banyuasin.png,,
pdam-banyuasin-1607,"Perumda Air Minum Kabupaten Banyuasin",perumda-air-minum-kabupaten-banyuasin,16,16.07,Banyuasin,"Jl. Utama, Banyuasin",,/assets/brand/logos/pdam/banyuasin.png,,
pdam-ogan-komering-ulu-timur-1608,"Perumda Air Minum Kabupaten Ogan Komering Ulu Timur",perumda-air-minum-kabupaten-ogan-komering-ulu-timur,16,16.08,"Ogan Komering Ulu Timur","Jl. Utama, Ogan Komering Ulu Timur",,/assets/brand/logos/pdam/ogan-komering-ulu-timur.png,,
pdam-ogan-komering-ulu-selatan-1609,"Perumda Air Minum Kabupaten Ogan Komering Ulu Selatan",perumda-air-minum-kabupaten-ogan-komering-ulu-selatan,16,16.09,"Ogan Komering Ulu Selatan","Jl. Utama, Ogan Komering Ulu Selatan",,/assets/brand/logos/pdam/ogan-komering-ulu-selatan.png,,
pdam-ogan-ilir-1610,"Perumda Air Minum Kabupaten Ogan Ilir",perumda-air-minum-kabupaten-ogan-ilir,16,16.10,"Ogan Ilir","Jl. Utama, Ogan Ilir",,/assets/brand/logos/pdam/ogan-ilir.png,,
pdam-empat-lawang-1611,"Perumda Air Minum Kabupaten Empat Lawang",perumda-air-minum-kabupaten-empat-lawang,16,16.11,"Empat Lawang","Jl. Utama, Empat Lawang",,/assets/brand/logos/pdam/empat-lawang.png,,
pdam-penukal-abab-lematang-ilir-1612,"Perumda Air Minum Kabupaten Penukal Abab Lematang Ilir",perumda-air-minum-kabupaten-penukal-abab-lematang-ilir,16,16.12,"Penukal Abab Lematang Ilir","Jl. Utama, Penukal Abab Lematang Ilir",,/assets/brand/logos/pdam/penukal-abab-lematang-ilir.png,,
pdam-musi-rawas-utara-1613,"Perumda Air Minum Kabupaten Musi Rawas Utara",perumda-air-minum-kabupaten-musi-rawas-utara,16,16.13,"Musi Rawas Utara","Jl. Utama, Musi Rawas Utara",,/assets/brand/logos/pdam/musi-rawas-utara.png,,
pdam-palembang-1671,"Perumda Tirta Musi Palembang",perumda-tirta-musi-palembang,16,16.71,Palembang,"Jl. Rambutan Ujung No.1, Palembang",tirtamusi.com,/assets/brand/logos/pdam/palembang.png,,
pdam-pagar-alam-1672,"Perumda Air Minum Kota Pagar Alam",perumda-air-minum-kota-pagar-alam,16,16.72,"Pagar Alam","Jl. Utama, Pagar Alam",,/assets/brand/logos/pdam/pagar-alam.png,,
pdam-lubuk-linggau-1673,"Perumda Air Minum Kota Lubuk Linggau",perumda-air-minum-kota-lubuk-linggau,16,16.73,"Lubuk Linggau","Jl. Utama, Lubuk Linggau",,/assets/brand/logos/pdam/lubuk-linggau.png,,
pdam-prabumulih-1674,"Perumda Air Minum Kota Prabumulih",perumda-air-minum-kota-prabumulih,16,16.74,Prabumulih,"Jl. Utama, Prabumulih",,/assets/brand/logos/pdam/prabumulih.png,,
pdam-bengkulu-selatan-1701,"Perumda Air Minum Kabupaten Bengkulu Selatan",perumda-air-minum-kabupaten-bengkulu-selatan,17,17.01,"Bengkulu Selatan","Jl. Utama, Bengkulu Selatan",,/assets/brand/logos/pdam/bengkulu-selatan.png,,
pdam-rejang-lebong-1702,"Perumda Air Minum Kabupaten Rejang Lebong",perumda-air-minum-kabupaten-rejang-lebong,17,17.02,"Rejang Lebong","Jl. Utama, Rejang Lebong",,/assets/brand/logos/pdam/rejang-lebong.png,,
pdam-bengkulu-utara-1703,"Perumda Air Minum Kabupaten Bengkulu Utara",perumda-air-minum-kabupaten-bengkulu-utara,17,17.03,"Bengkulu Utara","Jl. Utama, Bengkulu Utara",,/assets/brand/logos/pdam/bengkulu-utara.png,,
pdam-kaur-1704,"Perumda Air Minum Kabupaten Kaur",perumda-air-minum-kabupaten-kaur,17,17.04,Kaur,"Jl. Utama, Kaur",,/assets/brand/logos/pdam/kaur.png,,
pdam-seluma-1705,"Perumda Air Minum Kabupaten Seluma",perumda-air-minum-kabupaten-seluma,17,17.05,Seluma,"Jl. Utama, Seluma",,/assets/brand/logos/pdam/seluma.png,,
pdam-mukomuko-1706,"Perumda Air Minum Kabupaten Mukomuko",perumda-air-minum-kabupaten-mukomuko,17,17.06,Mukomuko,"Jl. Utama, Mukomuko",,/assets/brand/logos/pdam/mukomuko.png,,
pdam-lebong-1707,"Perumda Air Minum Kabupaten Lebong",perumda-air-minum-kabupaten-lebong,17,17.07,Lebong,"Jl. Utama, Lebong",,/assets/brand/logos/pdam/lebong.png,,
pdam-kepahiang-1708,"Perumda Air Minum Kabupaten Kepahiang",perumda-air-minum-kabupaten-kepahiang,17,17.08,Kepahiang,"Jl. Utama, Kepahiang",,/assets/brand/logos/pdam/kepahiang.png,,
pdam-bengkulu-tengah-1709,"Perumda Air Minum Kabupaten Bengkulu Tengah",perumda-air-minum-kabupaten-bengkulu-tengah,17,17.09,"Bengkulu Tengah","Jl. Utama, Bengkulu Tengah",,/assets/brand/logos/pdam/bengkulu-tengah.png,,
pdam-bengkulu-1771,"Perumdam Tirta Ratu Samban Bengkulu",perumdam-tirta-ratu-samban-bengkulu,17,17.71,Bengkulu,"Jl. Bhakti Husada, Bengkulu",,/assets/brand/logos/pdam/bengkulu.png,,
pdam-lampung-selatan-1801,"Perumda Air Minum Kabupaten Lampung Selatan",perumda-air-minum-kabupaten-lampung-selatan,18,18.01,"Lampung Selatan","Jl. Utama, Lampung Selatan",,/assets/brand/logos/pdam/lampung-selatan.png,,
pdam-lampung-tengah-1802,"Perumda Air Minum Kabupaten Lampung Tengah",perumda-air-minum-kabupaten-lampung-tengah,18,18.02,"Lampung Tengah","Jl. Utama, Lampung Tengah",,/assets/brand/logos/pdam/lampung-tengah.png,,
pdam-lampung-utara-1803,"Perumda Air Minum Kabupaten Lampung Utara",perumda-air-minum-kabupaten-lampung-utara,18,18.03,"Lampung Utara","Jl. Utama, Lampung Utara",,/assets/brand/logos/pdam/lampung-utara.png,,
pdam-lampung-barat-1804,"Perumda Air Minum Kabupaten Lampung Barat",perumda-air-minum-kabupaten-lampung-barat,18,18.04,"Lampung Barat","Jl. Utama, Lampung Barat",,/assets/brand/logos/pdam/lampung-barat.png,,
pdam-tulang-bawang-1805,"Perumda Air Minum Kabupaten Tulang Bawang",perumda-air-minum-kabupaten-tulang-bawang,18,18.05,"Tulang Bawang","Jl. Utama, Tulang Bawang",,/assets/brand/logos/pdam/tulang-bawang.png,,
pdam-tanggamus-1806,"Perumda Air Minum Kabupaten Tanggamus",perumda-air-minum-kabupaten-tanggamus,18,18.06,Tanggamus,"Jl. Utama, Tanggamus",,/assets/brand/logos/pdam/tanggamus.png,,
pdam-lampung-timur-1807,"Perumda Air Minum Kabupaten Lampung Timur",perumda-air-minum-kabupaten-lampung-timur,18,18.07,"Lampung Timur","Jl. Utama, Lampung Timur",,/assets/brand/logos/pdam/lampung-timur.png,,
pdam-way-kanan-1808,"Perumda Air Minum Kabupaten Way Kanan",perumda-air-minum-kabupaten-way-kanan,18,18.08,"Way Kanan","Jl. Utama, Way Kanan",,/assets/brand/logos/pdam/way-kanan.png,,
pdam-pesawaran-1809,"Perumda Air Minum Kabupaten Pesawaran",perumda-air-minum-kabupaten-pesawaran,18,18.09,Pesawaran,"Jl. Utama, Pesawaran",,/assets/brand/logos/pdam/pesawaran.png,,
pdam-pringsewu-1810,"Perumda Air Minum Kabupaten Pringsewu",perumda-air-minum-kabupaten-pringsewu,18,18.10,Pringsewu,"Jl. Utama, Pringsewu",,/assets/brand/logos/pdam/pringsewu.png,,
pdam-mesuji-1811,"Perumda Air Minum Kabupaten Mesuji",perumda-air-minum-kabupaten-mesuji,18,18.11,Mesuji,"Jl. Utama, Mesuji",,/assets/brand/logos/pdam/mesuji.png,,
pdam-tulang-bawang-barat-1812,"Perumda Air Minum Kabupaten Tulang Bawang Barat",perumda-air-minum-kabupaten-tulang-bawang-barat,18,18.12,"Tulang Bawang Barat","Jl. Utama, Tulang Bawang Barat",,/assets/brand/logos/pdam/tulang-bawang-barat.png,,
pdam-pesisir-barat-1813,"Perumda Air Minum Kabupaten Pesisir Barat",perumda-air-minum-kabupaten-pesisir-barat,18,18.13,"Pesisir Barat","Jl. Utama, Pesisir Barat",,/assets/brand/logos/pdam/pesisir-barat.png,,
pdam-bandar-lampung-1871,"Perumdam Way Rilau Bandar Lampung",perumdam-way-rilau-bandar-lampung,18,18.71,"Bandar Lampung","Jl. P. Emir M. Nur No.5, Bandar Lampung",,/assets/brand/logos/pdam/bandar-lampung.png,,
pdam-metro-1872,"Perumda Air Minum Kota Metro",perumda-air-minum-kota-metro,18,18.72,Metro,"Jl. Utama, Metro",,/assets/brand/logos/pdam/metro.png,,
pdam-bangka-1901,"Perumda Air Minum Kabupaten Bangka",perumda-air-minum-kabupaten-bangka,19,19.01,Bangka,"Jl. Utama, Bangka",,/assets/brand/logos/pdam/bangka.png,,
pdam-belitung-1902,"Perumda Air Minum Kabupaten Belitung",perumda-air-minum-kabupaten-belitung,19,19.02,Belitung,"Jl. Utama, Belitung",,/assets/brand/logos/pdam/belitung.png,,
pdam-bangka-selatan-1903,"Perumda Air Minum Kabupaten Bangka Selatan",perumda-air-minum-kabupaten-bangka-selatan,19,19.03,"Bangka Selatan","Jl. Utama, Bangka Selatan",,/assets/brand/logos/pdam/bangka-selatan.png,,
pdam-bangka-tengah-1904,"Perumda Air Minum Kabupaten Bangka Tengah",perumda-air-minum-kabupaten-bangka-tengah,19,19.04,"Bangka Tengah","Jl. Utama, Bangka Tengah",,/assets/brand/logos/pdam/bangka-tengah.png,,
pdam-bangka-barat-1905,"Perumda Air Minum Kabupaten Bangka Barat",perumda-air-minum-kabupaten-bangka-barat,19,19.05,"Bangka Barat","Jl. Utama, Bangka Barat",,/assets/brand/logos/pdam/bangka-barat.png,,
pdam-belitung-timur-1906,"Perumda Air Minum Kabupaten Belitung Timur",perumda-air-minum-kabupaten-belitung-timur,19,19.06,"Belitung Timur","Jl. Utama, Belitung Timur",,/assets/brand/logos/pdam/belitung-timur.png,,
pdam-pangkal-pinang-1971,"Perumdam Tirta Bangka Pangkalpinang",perumdam-tirta-bangka-pangkalpinang,19,19.71,Pangkalpinang,"Jl. Rasakunda, Pangkalpinang",,/assets/brand/logos/pdam/pangkalpinang.png,,
pdam-bintan-2101,"Perumda Air Minum Kabupaten Bintan",perumda-air-minum-kabupaten-bintan,21,21.01,Bintan,"Jl. Utama, Bintan",,/assets/brand/logos/pdam/bintan.png,,
pdam-karimun-2102,"Perumda Air Minum Kabupaten Karimun",perumda-air-minum-kabupaten-karimun,21,21.02,Karimun,"Jl. Utama, Karimun",,/assets/brand/logos/pdam/karimun.png,,
pdam-natuna-2103,"Perumda Air Minum Kabupaten Natuna",perumda-air-minum-kabupaten-natuna,21,21.03,Natuna,"Jl. Utama, Natuna",,/assets/brand/logos/pdam/natuna.png,,
pdam-lingga-2104,"Perumda Air Minum Kabupaten Lingga",perumda-air-minum-kabupaten-lingga,21,21.04,Lingga,"Jl. Utama, Lingga",,/assets/brand/logos/pdam/lingga.png,,
pdam-kepulauan-anambas-2105,"Perumda Air Minum Kabupaten Kepulauan Anambas",perumda-air-minum-kabupaten-kepulauan-anambas,21,21.05,"Kepulauan Anambas","Jl. Utama, Kepulauan Anambas",,/assets/brand/logos/pdam/kepulauan-anambas.png,,
pdam-batam-2171,"Perumdam Tirta Kepri Tanjungpinang",perumdam-tirta-kepri-tanjungpinang,21,21.71,Tanjungpinang,"Jl. Adisucipto, Tanjungpinang",,/assets/brand/logos/pdam/tanjungpinang.png,,
pdam-tanjung-pinang-2172,"Perumda Air Minum Kota Tanjung Pinang",perumda-air-minum-kota-tanjung-pinang,21,21.72,"Tanjung Pinang","Jl. Utama, Tanjung Pinang",,/assets/brand/logos/pdam/tanjung-pinang.png,,
pdam-administrasi-kepulauan-seribu-3101,"Perumda Air Minum Kabupaten Administrasi Kepulauan Seribu",perumda-air-minum-kabupaten-administrasi-kepulauan-seribu,31,31.01,"Administrasi Kepulauan Seribu","Jl. Utama, Administrasi Kepulauan Seribu",,/assets/brand/logos/pdam/administrasi-kepulauan-seribu.png,,
pdam-administrasi-jakarta-pusat-3171,"PAM Jaya Jakarta",pam-jaya-jakarta,31,31.71,Jakarta,"Jl. Penjernihan II No.1, Jakarta Pusat",pamjaya.co.id,/assets/brand/logos/pdam/jakarta.png,,
pdam-administrasi-jakarta-utara-3172,"Perumda Air Minum Kota Administrasi Jakarta Utara ",perumda-air-minum-kota-administrasi-jakarta-utara,31,31.72,"Administrasi Jakarta Utara ","Jl. Utama, Administrasi Jakarta Utara ",,/assets/brand/logos/pdam/administrasi-jakarta-utara.png,,
pdam-administrasi-jakarta-barat-3173,"Perumda Air Minum Kota Administrasi Jakarta Barat",perumda-air-minum-kota-administrasi-jakarta-barat,31,31.73,"Administrasi Jakarta Barat","Jl. Utama, Administrasi Jakarta Barat",,/assets/brand/logos/pdam/administrasi-jakarta-barat.png,,
pdam-administrasi-jakarta-selatan-3174,"Perumda Air Minum Kota Administrasi Jakarta Selatan",perumda-air-minum-kota-administrasi-jakarta-selatan,31,31.74,"Administrasi Jakarta Selatan","Jl. Utama, Administrasi Jakarta Selatan",,/assets/brand/logos/pdam/administrasi-jakarta-selatan.png,,
pdam-administrasi-jakarta-timur-3175,"Perumda Air Minum Kota Administrasi Jakarta Timur",perumda-air-minum-kota-administrasi-jakarta-timur,31,31.75,"Administrasi Jakarta Timur","Jl. Utama, Administrasi Jakarta Timur",,/assets/brand/logos/pdam/administrasi-jakarta-timur.png,,
pdam-bogor-3201,"Perumda Air Minum Kabupaten Bogor",perumda-air-minum-kabupaten-bogor,32,32.01,Bogor,"Jl. Utama, Bogor",,/assets/brand/logos/pdam/bogor.png,,
pdam-sukabumi-3202,"Perumda Air Minum Kabupaten Sukabumi",perumda-air-minum-kabupaten-sukabumi,32,32.02,Sukabumi,"Jl. Utama, Sukabumi",,/assets/brand/logos/pdam/sukabumi.png,,
pdam-cianjur-3203,"Perumda Air Minum Kabupaten Cianjur",perumda-air-minum-kabupaten-cianjur,32,32.03,Cianjur,"Jl. Utama, Cianjur",,/assets/brand/logos/pdam/cianjur.png,,
pdam-bandung-3204,"Perumda Air Minum Kabupaten Bandung",perumda-air-minum-kabupaten-bandung,32,32.04,Bandung,"Jl. Utama, Bandung",,/assets/brand/logos/pdam/bandung.png,,
pdam-garut-3205,"Perumda Air Minum Kabupaten Garut",perumda-air-minum-kabupaten-garut,32,32.05,Garut,"Jl. Utama, Garut",,/assets/brand/logos/pdam/garut.png,,
pdam-tasikmalaya-3206,"Perumda Air Minum Kabupaten Tasikmalaya",perumda-air-minum-kabupaten-tasikmalaya,32,32.06,Tasikmalaya,"Jl. Utama, Tasikmalaya",,/assets/brand/logos/pdam/tasikmalaya.png,,
pdam-ciamis-3207,"Perumda Air Minum Kabupaten Ciamis",perumda-air-minum-kabupaten-ciamis,32,32.07,Ciamis,"Jl. Utama, Ciamis",,/assets/brand/logos/pdam/ciamis.png,,
pdam-kuningan-3208,"Perumda Air Minum Kabupaten Kuningan",perumda-air-minum-kabupaten-kuningan,32,32.08,Kuningan,"Jl. Utama, Kuningan",,/assets/brand/logos/pdam/kuningan.png,,
pdam-cirebon-3209,"Perumda Air Minum Kabupaten Cirebon",perumda-air-minum-kabupaten-cirebon,32,32.09,Cirebon,"Jl. Utama, Cirebon",,/assets/brand/logos/pdam/cirebon.png,,
pdam-majalengka-3210,"Perumda Air Minum Kabupaten Majalengka",perumda-air-minum-kabupaten-majalengka,32,32.10,Majalengka,"Jl. Utama, Majalengka",,/assets/brand/logos/pdam/majalengka.png,,
pdam-sumedang-3211,"Perumda Air Minum Kabupaten Sumedang",perumda-air-minum-kabupaten-sumedang,32,32.11,Sumedang,"Jl. Utama, Sumedang",,/assets/brand/logos/pdam/sumedang.png,,
pdam-indramayu-3212,"Perumda Air Minum Kabupaten Indramayu",perumda-air-minum-kabupaten-indramayu,32,32.12,Indramayu,"Jl. Utama, Indramayu",,/assets/brand/logos/pdam/indramayu.png,,
pdam-subang-3213,"Perumda Air Minum Kabupaten Subang",perumda-air-minum-kabupaten-subang,32,32.13,Subang,"Jl. Utama, Subang",,/assets/brand/logos/pdam/subang.png,,
pdam-purwakarta-3214,"Perumda Air Minum Kabupaten Purwakarta",perumda-air-minum-kabupaten-purwakarta,32,32.14,Purwakarta,"Jl. Utama, Purwakarta",,/assets/brand/logos/pdam/purwakarta.png,,
pdam-karawang-3215,"Perumda Air Minum Kabupaten Karawang",perumda-air-minum-kabupaten-karawang,32,32.15,Karawang,"Jl. Utama, Karawang",,/assets/brand/logos/pdam/karawang.png,,
pdam-bekasi-3216,"Perumda Air Minum Kabupaten Bekasi",perumda-air-minum-kabupaten-bekasi,32,32.16,Bekasi,"Jl. Utama, Bekasi",,/assets/brand/logos/pdam/bekasi.png,,
pdam-bandung-barat-3217,"Perumda Air Minum Kabupaten Bandung Barat",perumda-air-minum-kabupaten-bandung-barat,32,32.17,"Bandung Barat","Jl. Utama, Bandung Barat",,/assets/brand/logos/pdam/bandung-barat.png,,
pdam-pangandaran-3218,"Perumda Air Minum Kabupaten Pangandaran",perumda-air-minum-kabupaten-pangandaran,32,32.18,Pangandaran,"Jl. Utama, Pangandaran",,/assets/brand/logos/pdam/pangandaran.png,,
pdam-bogor-3271,"Perumda Tirta Pakuan Kota Bogor",perumda-tirta-pakuan-kota-bogor,32,32.71,Bogor,"Jl. Siliwangi No.121, Bogor",tirtapakuan.co.id,/assets/brand/logos/pdam/bogor.png,,
pdam-sukabumi-3272,"Perumda Tirta Patriot Kota Bekasi",perumda-tirta-patriot-kota-bekasi,32,32.72,Bekasi,"Jl. Ahmad Yani No.1, Bekasi",,/assets/brand/logos/pdam/bekasi.png,,
pdam-bandung-3273,"Perumda Tirtawening Kota Bandung",perumda-tirtawening-kota-bandung,32,32.73,Bandung,"Jl. Badak Singa No.10, Bandung",pambdg.co.id,/assets/brand/logos/pdam/bandung.png,,
pdam-cirebon-3274,"Perumda Air Minum Kota Cirebon",perumda-air-minum-kota-cirebon,32,32.74,Cirebon,"Jl. Utama, Cirebon",,/assets/brand/logos/pdam/cirebon.png,,
pdam-bekasi-3275,"Perumda Tirta Benteng Kota Tangerang",perumda-tirta-benteng-kota-tangerang,32,32.75,Tangerang,"Jl. Ki Asnawi No.5, Tangerang",,/assets/brand/logos/pdam/tangerang.png,,
pdam-depok-3276,"Perumdam Tirta Kerta Raharja Kab. Tangerang",perumdam-tirta-kerta-raharja-kab-tangerang,32,32.76,Tigaraksa,"Jl. Raya Serang, Tigaraksa",,/assets/brand/logos/pdam/tigaraksa.png,,
pdam-cimahi-3277,"Perumda Air Minum Kota Cimahi",perumda-air-minum-kota-cimahi,32,32.77,Cimahi,"Jl. Utama, Cimahi",,/assets/brand/logos/pdam/cimahi.png,,
pdam-tasikmalaya-3278,"Perumda Air Minum Kota Tasikmalaya",perumda-air-minum-kota-tasikmalaya,32,32.78,Tasikmalaya,"Jl. Utama, Tasikmalaya",,/assets/brand/logos/pdam/tasikmalaya.png,,
pdam-banjar-3279,"Perumda Air Minum Kota Banjar",perumda-air-minum-kota-banjar,32,32.79,Banjar,"Jl. Utama, Banjar",,/assets/brand/logos/pdam/banjar.png,,
pdam-cilacap-3301,"Perumda Air Minum Kabupaten Cilacap",perumda-air-minum-kabupaten-cilacap,33,33.01,Cilacap,"Jl. Utama, Cilacap",,/assets/brand/logos/pdam/cilacap.png,,
pdam-banyumas-3302,"Perumda Air Minum Kabupaten Banyumas",perumda-air-minum-kabupaten-banyumas,33,33.02,Banyumas,"Jl. Utama, Banyumas",,/assets/brand/logos/pdam/banyumas.png,,
pdam-purbalingga-3303,"Perumda Air Minum Kabupaten Purbalingga",perumda-air-minum-kabupaten-purbalingga,33,33.03,Purbalingga,"Jl. Utama, Purbalingga",,/assets/brand/logos/pdam/purbalingga.png,,
pdam-banjarnegara-3304,"Perumda Air Minum Kabupaten Banjarnegara",perumda-air-minum-kabupaten-banjarnegara,33,33.04,Banjarnegara,"Jl. Utama, Banjarnegara",,/assets/brand/logos/pdam/banjarnegara.png,,
pdam-kebumen-3305,"Perumda Air Minum Kabupaten Kebumen",perumda-air-minum-kabupaten-kebumen,33,33.05,Kebumen,"Jl. Utama, Kebumen",,/assets/brand/logos/pdam/kebumen.png,,
pdam-purworejo-3306,"Perumda Air Minum Kabupaten Purworejo",perumda-air-minum-kabupaten-purworejo,33,33.06,Purworejo,"Jl. Utama, Purworejo",,/assets/brand/logos/pdam/purworejo.png,,
pdam-wonosobo-3307,"Perumda Air Minum Kabupaten Wonosobo",perumda-air-minum-kabupaten-wonosobo,33,33.07,Wonosobo,"Jl. Utama, Wonosobo",,/assets/brand/logos/pdam/wonosobo.png,,
pdam-magelang-3308,"Perumda Air Minum Kabupaten Magelang",perumda-air-minum-kabupaten-magelang,33,33.08,Magelang,"Jl. Utama, Magelang",,/assets/brand/logos/pdam/magelang.png,,
pdam-boyolali-3309,"Perumda Air Minum Kabupaten Boyolali",perumda-air-minum-kabupaten-boyolali,33,33.09,Boyolali,"Jl. Utama, Boyolali",,/assets/brand/logos/pdam/boyolali.png,,
pdam-klaten-3310,"Perumda Air Minum Kabupaten Klaten",perumda-air-minum-kabupaten-klaten,33,33.10,Klaten,"Jl. Utama, Klaten",,/assets/brand/logos/pdam/klaten.png,,
pdam-sukoharjo-3311,"Perumda Air Minum Kabupaten Sukoharjo",perumda-air-minum-kabupaten-sukoharjo,33,33.11,Sukoharjo,"Jl. Utama, Sukoharjo",,/assets/brand/logos/pdam/sukoharjo.png,,
pdam-wonogiri-3312,"Perumda Air Minum Kabupaten Wonogiri",perumda-air-minum-kabupaten-wonogiri,33,33.12,Wonogiri,"Jl. Utama, Wonogiri",,/assets/brand/logos/pdam/wonogiri.png,,
pdam-karanganyar-3313,"Perumda Air Minum Kabupaten Karanganyar",perumda-air-minum-kabupaten-karanganyar,33,33.13,Karanganyar,"Jl. Utama, Karanganyar",,/assets/brand/logos/pdam/karanganyar.png,,
pdam-sragen-3314,"Perumda Air Minum Kabupaten Sragen",perumda-air-minum-kabupaten-sragen,33,33.14,Sragen,"Jl. Utama, Sragen",,/assets/brand/logos/pdam/sragen.png,,
pdam-grobogan-3315,"Perumda Air Minum Kabupaten Grobogan",perumda-air-minum-kabupaten-grobogan,33,33.15,Grobogan,"Jl. Utama, Grobogan",,/assets/brand/logos/pdam/grobogan.png,,
pdam-blora-3316,"Perumda Air Minum Kabupaten Blora",perumda-air-minum-kabupaten-blora,33,33.16,Blora,"Jl. Utama, Blora",,/assets/brand/logos/pdam/blora.png,,
pdam-rembang-3317,"Perumda Air Minum Kabupaten Rembang",perumda-air-minum-kabupaten-rembang,33,33.17,Rembang,"Jl. Utama, Rembang",,/assets/brand/logos/pdam/rembang.png,,
pdam-pati-3318,"Perumda Air Minum Kabupaten Pati",perumda-air-minum-kabupaten-pati,33,33.18,Pati,"Jl. Utama, Pati",,/assets/brand/logos/pdam/pati.png,,
pdam-kudus-3319,"Perumda Air Minum Kabupaten Kudus",perumda-air-minum-kabupaten-kudus,33,33.19,Kudus,"Jl. Utama, Kudus",,/assets/brand/logos/pdam/kudus.png,,
pdam-jepara-3320,"Perumda Air Minum Kabupaten Jepara",perumda-air-minum-kabupaten-jepara,33,33.20,Jepara,"Jl. Utama, Jepara",,/assets/brand/logos/pdam/jepara.png,,
pdam-demak-3321,"Perumda Air Minum Kabupaten Demak",perumda-air-minum-kabupaten-demak,33,33.21,Demak,"Jl. Utama, Demak",,/assets/brand/logos/pdam/demak.png,,
pdam-semarang-3322,"Perumda Air Minum Kabupaten Semarang",perumda-air-minum-kabupaten-semarang,33,33.22,Semarang,"Jl. Utama, Semarang",,/assets/brand/logos/pdam/semarang.png,,
pdam-temanggung-3323,"Perumda Air Minum Kabupaten Temanggung",perumda-air-minum-kabupaten-temanggung,33,33.23,Temanggung,"Jl. Utama, Temanggung",,/assets/brand/logos/pdam/temanggung.png,,
pdam-kendal-3324,"Perumda Air Minum Kabupaten Kendal",perumda-air-minum-kabupaten-kendal,33,33.24,Kendal,"Jl. Utama, Kendal",,/assets/brand/logos/pdam/kendal.png,,
pdam-batang-3325,"Perumda Air Minum Kabupaten Batang",perumda-air-minum-kabupaten-batang,33,33.25,Batang,"Jl. Utama, Batang",,/assets/brand/logos/pdam/batang.png,,
pdam-pekalongan-3326,"Perumda Air Minum Kabupaten Pekalongan",perumda-air-minum-kabupaten-pekalongan,33,33.26,Pekalongan,"Jl. Utama, Pekalongan",,/assets/brand/logos/pdam/pekalongan.png,,
pdam-pemalang-3327,"Perumda Air Minum Kabupaten Pemalang",perumda-air-minum-kabupaten-pemalang,33,33.27,Pemalang,"Jl. Utama, Pemalang",,/assets/brand/logos/pdam/pemalang.png,,
pdam-tegal-3328,"Perumda Air Minum Kabupaten Tegal",perumda-air-minum-kabupaten-tegal,33,33.28,Tegal,"Jl. Utama, Tegal",,/assets/brand/logos/pdam/tegal.png,,
pdam-brebes-3329,"Perumda Air Minum Kabupaten Brebes",perumda-air-minum-kabupaten-brebes,33,33.29,Brebes,"Jl. Utama, Brebes",,/assets/brand/logos/pdam/brebes.png,,
pdam-magelang-3371,"Perumda Air Minum Kota Magelang",perumda-air-minum-kota-magelang,33,33.71,Magelang,"Jl. Utama, Magelang",,/assets/brand/logos/pdam/magelang.png,,
pdam-surakarta-3372,"Perumda Air Minum Kota Surakarta",perumda-air-minum-kota-surakarta,33,33.72,Surakarta,"Jl. Utama, Surakarta",,/assets/brand/logos/pdam/surakarta.png,,
pdam-salatiga-3373,"Perumda Air Minum Kota Salatiga",perumda-air-minum-kota-salatiga,33,33.73,Salatiga,"Jl. Utama, Salatiga",,/assets/brand/logos/pdam/salatiga.png,,
pdam-semarang-3374,"Perumda Air Minum Tirta Moedal Semarang",perumda-air-minum-tirta-moedal-semarang,33,33.74,Semarang,"Jl. Kelud Raya No.60, Semarang",pdamkotasmg.co.id,/assets/brand/logos/pdam/semarang.png,,
pdam-pekalongan-3375,"Perumda Air Minum Kota Pekalongan",perumda-air-minum-kota-pekalongan,33,33.75,Pekalongan,"Jl. Utama, Pekalongan",,/assets/brand/logos/pdam/pekalongan.png,,
pdam-tegal-3376,"Perumda Air Minum Kota Tegal",perumda-air-minum-kota-tegal,33,33.76,Tegal,"Jl. Utama, Tegal",,/assets/brand/logos/pdam/tegal.png,,
pdam-kulon-progo-3401,"Perumda Air Minum Kabupaten Kulon Progo",perumda-air-minum-kabupaten-kulon-progo,34,34.01,"Kulon Progo","Jl. Utama, Kulon Progo",,/assets/brand/logos/pdam/kulon-progo.png,,
pdam-bantul-3402,"Perumda Air Minum Kabupaten Bantul",perumda-air-minum-kabupaten-bantul,34,34.02,Bantul,"Jl. Utama, Bantul",,/assets/brand/logos/pdam/bantul.png,,
pdam-gunungkidul-3403,"Perumda Air Minum Kabupaten Gunungkidul",perumda-air-minum-kabupaten-gunungkidul,34,34.03,Gunungkidul,"Jl. Utama, Gunungkidul",,/assets/brand/logos/pdam/gunungkidul.png,,
pdam-sleman-3404,"Perumda Air Minum Kabupaten Sleman",perumda-air-minum-kabupaten-sleman,34,34.04,Sleman,"Jl. Utama, Sleman",,/assets/brand/logos/pdam/sleman.png,,
pdam-yogyakarta-3471,"Perumdam Tirta Marta Yogyakarta",perumdam-tirta-marta-yogyakarta,34,34.71,Yogyakarta,"Jl. W. Monginsidi No.3, Yogyakarta",pdamkotajogja.co.id,/assets/brand/logos/pdam/yogyakarta.png,,
pdam-pacitan-3501,"Perumda Air Minum Kabupaten Pacitan",perumda-air-minum-kabupaten-pacitan,35,35.01,Pacitan,"Jl. Utama, Pacitan",,/assets/brand/logos/pdam/pacitan.png,,
pdam-ponorogo-3502,"Perumda Air Minum Kabupaten Ponorogo",perumda-air-minum-kabupaten-ponorogo,35,35.02,Ponorogo,"Jl. Utama, Ponorogo",,/assets/brand/logos/pdam/ponorogo.png,,
pdam-trenggalek-3503,"Perumda Air Minum Kabupaten Trenggalek",perumda-air-minum-kabupaten-trenggalek,35,35.03,Trenggalek,"Jl. Utama, Trenggalek",,/assets/brand/logos/pdam/trenggalek.png,,
pdam-tulungagung-3504,"Perumda Air Minum Kabupaten Tulungagung",perumda-air-minum-kabupaten-tulungagung,35,35.04,Tulungagung,"Jl. Utama, Tulungagung",,/assets/brand/logos/pdam/tulungagung.png,,
pdam-blitar-3505,"Perumda Air Minum Kabupaten Blitar",perumda-air-minum-kabupaten-blitar,35,35.05,Blitar,"Jl. Utama, Blitar",,/assets/brand/logos/pdam/blitar.png,,
pdam-kediri-3506,"Perumda Air Minum Kabupaten Kediri",perumda-air-minum-kabupaten-kediri,35,35.06,Kediri,"Jl. Utama, Kediri",,/assets/brand/logos/pdam/kediri.png,,
pdam-malang-3507,"Perumda Air Minum Kabupaten Malang",perumda-air-minum-kabupaten-malang,35,35.07,Malang,"Jl. Utama, Malang",,/assets/brand/logos/pdam/malang.png,,
pdam-lumajang-3508,"Perumda Air Minum Kabupaten Lumajang",perumda-air-minum-kabupaten-lumajang,35,35.08,Lumajang,"Jl. Utama, Lumajang",,/assets/brand/logos/pdam/lumajang.png,,
pdam-jember-3509,"Perumda Air Minum Kabupaten Jember",perumda-air-minum-kabupaten-jember,35,35.09,Jember,"Jl. Utama, Jember",,/assets/brand/logos/pdam/jember.png,,
pdam-banyuwangi-3510,"Perumda Air Minum Kabupaten Banyuwangi",perumda-air-minum-kabupaten-banyuwangi,35,35.10,Banyuwangi,"Jl. Utama, Banyuwangi",,/assets/brand/logos/pdam/banyuwangi.png,,
pdam-bondowoso-3511,"Perumda Air Minum Kabupaten Bondowoso",perumda-air-minum-kabupaten-bondowoso,35,35.11,Bondowoso,"Jl. Utama, Bondowoso",,/assets/brand/logos/pdam/bondowoso.png,,
pdam-situbondo-3512,"Perumda Air Minum Kabupaten Situbondo",perumda-air-minum-kabupaten-situbondo,35,35.12,Situbondo,"Jl. Utama, Situbondo",,/assets/brand/logos/pdam/situbondo.png,,
pdam-probolinggo-3513,"Perumda Air Minum Kabupaten Probolinggo",perumda-air-minum-kabupaten-probolinggo,35,35.13,Probolinggo,"Jl. Utama, Probolinggo",,/assets/brand/logos/pdam/probolinggo.png,,
pdam-pasuruan-3514,"Perumda Air Minum Kabupaten Pasuruan",perumda-air-minum-kabupaten-pasuruan,35,35.14,Pasuruan,"Jl. Utama, Pasuruan",,/assets/brand/logos/pdam/pasuruan.png,,
pdam-sidoarjo-3515,"Perumda Air Minum Kabupaten Sidoarjo",perumda-air-minum-kabupaten-sidoarjo,35,35.15,Sidoarjo,"Jl. Utama, Sidoarjo",,/assets/brand/logos/pdam/sidoarjo.png,,
pdam-mojokerto-3516,"Perumda Air Minum Kabupaten Mojokerto",perumda-air-minum-kabupaten-mojokerto,35,35.16,Mojokerto,"Jl. Utama, Mojokerto",,/assets/brand/logos/pdam/mojokerto.png,,
pdam-jombang-3517,"Perumda Air Minum Kabupaten Jombang",perumda-air-minum-kabupaten-jombang,35,35.17,Jombang,"Jl. Utama, Jombang",,/assets/brand/logos/pdam/jombang.png,,
pdam-nganjuk-3518,"Perumda Air Minum Kabupaten Nganjuk",perumda-air-minum-kabupaten-nganjuk,35,35.18,Nganjuk,"Jl. Utama, Nganjuk",,/assets/brand/logos/pdam/nganjuk.png,,
pdam-madiun-3519,"Perumda Air Minum Kabupaten Madiun",perumda-air-minum-kabupaten-madiun,35,35.19,Madiun,"Jl. Utama, Madiun",,/assets/brand/logos/pdam/madiun.png,,
pdam-magetan-3520,"Perumda Air Minum Kabupaten Magetan",perumda-air-minum-kabupaten-magetan,35,35.20,Magetan,"Jl. Utama, Magetan",,/assets/brand/logos/pdam/magetan.png,,
pdam-ngawi-3521,"Perumda Air Minum Kabupaten Ngawi",perumda-air-minum-kabupaten-ngawi,35,35.21,Ngawi,"Jl. Utama, Ngawi",,/assets/brand/logos/pdam/ngawi.png,,
pdam-bojonegoro-3522,"Perumda Air Minum Kabupaten Bojonegoro",perumda-air-minum-kabupaten-bojonegoro,35,35.22,Bojonegoro,"Jl. Utama, Bojonegoro",,/assets/brand/logos/pdam/bojonegoro.png,,
pdam-tuban-3523,"Perumda Air Minum Kabupaten Tuban",perumda-air-minum-kabupaten-tuban,35,35.23,Tuban,"Jl. Utama, Tuban",,/assets/brand/logos/pdam/tuban.png,,
pdam-lamongan-3524,"Perumda Air Minum Kabupaten Lamongan",perumda-air-minum-kabupaten-lamongan,35,35.24,Lamongan,"Jl. Utama, Lamongan",,/assets/brand/logos/pdam/lamongan.png,,
pdam-gresik-3525,"Perumda Air Minum Kabupaten Gresik",perumda-air-minum-kabupaten-gresik,35,35.25,Gresik,"Jl. Utama, Gresik",,/assets/brand/logos/pdam/gresik.png,,
pdam-bangkalan-3526,"Perumda Air Minum Kabupaten Bangkalan",perumda-air-minum-kabupaten-bangkalan,35,35.26,Bangkalan,"Jl. Utama, Bangkalan",,/assets/brand/logos/pdam/bangkalan.png,,
pdam-sampang-3527,"Perumda Air Minum Kabupaten Sampang",perumda-air-minum-kabupaten-sampang,35,35.27,Sampang,"Jl. Utama, Sampang",,/assets/brand/logos/pdam/sampang.png,,
pdam-pamekasan-3528,"Perumda Air Minum Kabupaten Pamekasan",perumda-air-minum-kabupaten-pamekasan,35,35.28,Pamekasan,"Jl. Utama, Pamekasan",,/assets/brand/logos/pdam/pamekasan.png,,
pdam-sumenep-3529,"Perumda Air Minum Kabupaten Sumenep",perumda-air-minum-kabupaten-sumenep,35,35.29,Sumenep,"Jl. Utama, Sumenep",,/assets/brand/logos/pdam/sumenep.png,,
pdam-kediri-3571,"Perumda Air Minum Kota Kediri",perumda-air-minum-kota-kediri,35,35.71,Kediri,"Jl. Utama, Kediri",,/assets/brand/logos/pdam/kediri.png,,
pdam-blitar-3572,"Perumda Air Minum Kota Blitar",perumda-air-minum-kota-blitar,35,35.72,Blitar,"Jl. Utama, Blitar",,/assets/brand/logos/pdam/blitar.png,,
pdam-malang-3573,"Perumda Tugu Tirta Kota Malang",perumda-tugu-tirta-kota-malang,35,35.73,Malang,"Jl. Terusan Danau Sentani No.100, Malang",perumdatugutirta.id,/assets/brand/logos/pdam/malang.png,,
pdam-probolinggo-3574,"Perumda Air Minum Kota Probolinggo",perumda-air-minum-kota-probolinggo,35,35.74,Probolinggo,"Jl. Utama, Probolinggo",,/assets/brand/logos/pdam/probolinggo.png,,
pdam-pasuruan-3575,"Perumda Air Minum Kota Pasuruan",perumda-air-minum-kota-pasuruan,35,35.75,Pasuruan,"Jl. Utama, Pasuruan",,/assets/brand/logos/pdam/pasuruan.png,,
pdam-mojokerto-3576,"Perumda Air Minum Kota Mojokerto",perumda-air-minum-kota-mojokerto,35,35.76,Mojokerto,"Jl. Utama, Mojokerto",,/assets/brand/logos/pdam/mojokerto.png,,
pdam-madiun-3577,"Perumda Air Minum Kota Madiun",perumda-air-minum-kota-madiun,35,35.77,Madiun,"Jl. Utama, Madiun",,/assets/brand/logos/pdam/madiun.png,,
pdam-surabaya-3578,"Perumda Air Minum Surya Sembada Surabaya",perumda-air-minum-surya-sembada-surabaya,35,35.78,Surabaya,"Jl. Prof. Dr. Moestopo No.2, Surabaya",pdam-sby.go.id,/assets/brand/logos/pdam/surabaya.png,,
pdam-batu-3579,"Perumda Air Minum Kota Batu",perumda-air-minum-kota-batu,35,35.79,Batu,"Jl. Utama, Batu",,/assets/brand/logos/pdam/batu.png,,
pdam-pandeglang-3601,"Perumda Air Minum Kabupaten Pandeglang",perumda-air-minum-kabupaten-pandeglang,36,36.01,Pandeglang,"Jl. Utama, Pandeglang",,/assets/brand/logos/pdam/pandeglang.png,,
pdam-lebak-3602,"Perumda Air Minum Kabupaten Lebak",perumda-air-minum-kabupaten-lebak,36,36.02,Lebak,"Jl. Utama, Lebak",,/assets/brand/logos/pdam/lebak.png,,
pdam-tangerang-3603,"Perumda Air Minum Kabupaten Tangerang",perumda-air-minum-kabupaten-tangerang,36,36.03,Tangerang,"Jl. Utama, Tangerang",,/assets/brand/logos/pdam/tangerang.png,,
pdam-serang-3604,"Perumda Air Minum Kabupaten Serang",perumda-air-minum-kabupaten-serang,36,36.04,Serang,"Jl. Utama, Serang",,/assets/brand/logos/pdam/serang.png,,
pdam-tangerang-3671,"Perumdam Tirta Al Bantani Serang",perumdam-tirta-al-bantani-serang,36,36.71,Serang,"Jl. Raya Serang - Pandeglang, Serang",,/assets/brand/logos/pdam/serang.png,,
pdam-cilegon-3672,"Perumda Air Minum Kota Cilegon",perumda-air-minum-kota-cilegon,36,36.72,Cilegon,"Jl. Utama, Cilegon",,/assets/brand/logos/pdam/cilegon.png,,
pdam-serang-3673,"Perumda Air Minum Kota Serang",perumda-air-minum-kota-serang,36,36.73,Serang,"Jl. Utama, Serang",,/assets/brand/logos/pdam/serang.png,,
pdam-tangerang-selatan-3674,"Perumda Air Minum Kota Tangerang Selatan",perumda-air-minum-kota-tangerang-selatan,36,36.74,"Tangerang Selatan","Jl. Utama, Tangerang Selatan",,/assets/brand/logos/pdam/tangerang-selatan.png,,
pdam-jembrana-5101,"Perumda Air Minum Kabupaten Jembrana",perumda-air-minum-kabupaten-jembrana,51,51.01,Jembrana,"Jl. Utama, Jembrana",,/assets/brand/logos/pdam/jembrana.png,,
pdam-tabanan-5102,"Perumda Air Minum Kabupaten Tabanan",perumda-air-minum-kabupaten-tabanan,51,51.02,Tabanan,"Jl. Utama, Tabanan",,/assets/brand/logos/pdam/tabanan.png,,
pdam-badung-5103,"Perumda Air Minum Kabupaten Badung",perumda-air-minum-kabupaten-badung,51,51.03,Badung,"Jl. Utama, Badung",,/assets/brand/logos/pdam/badung.png,,
pdam-gianyar-5104,"Perumda Air Minum Kabupaten Gianyar",perumda-air-minum-kabupaten-gianyar,51,51.04,Gianyar,"Jl. Utama, Gianyar",,/assets/brand/logos/pdam/gianyar.png,,
pdam-klungkung-5105,"Perumda Air Minum Kabupaten Klungkung",perumda-air-minum-kabupaten-klungkung,51,51.05,Klungkung,"Jl. Utama, Klungkung",,/assets/brand/logos/pdam/klungkung.png,,
pdam-bangli-5106,"Perumda Air Minum Kabupaten Bangli",perumda-air-minum-kabupaten-bangli,51,51.06,Bangli,"Jl. Utama, Bangli",,/assets/brand/logos/pdam/bangli.png,,
pdam-karangasem-5107,"Perumda Air Minum Kabupaten Karangasem",perumda-air-minum-kabupaten-karangasem,51,51.07,Karangasem,"Jl. Utama, Karangasem",,/assets/brand/logos/pdam/karangasem.png,,
pdam-buleleng-5108,"Perumda Air Minum Kabupaten Buleleng",perumda-air-minum-kabupaten-buleleng,51,51.08,Buleleng,"Jl. Utama, Buleleng",,/assets/brand/logos/pdam/buleleng.png,,
pdam-denpasar-5171,"Perumda Tirta Sewakadarma Kota Denpasar",perumda-tirta-sewakadarma-kota-denpasar,51,51.71,Denpasar,"Jl. Ir. H. Juanda, Denpasar",,/assets/brand/logos/pdam/denpasar.png,,
pdam-lombok-barat-5201,"Perumda Air Minum Kabupaten Lombok Barat",perumda-air-minum-kabupaten-lombok-barat,52,52.01,"Lombok Barat","Jl. Utama, Lombok Barat",,/assets/brand/logos/pdam/lombok-barat.png,,
pdam-lombok-tengah-5202,"Perumda Air Minum Kabupaten Lombok Tengah",perumda-air-minum-kabupaten-lombok-tengah,52,52.02,"Lombok Tengah","Jl. Utama, Lombok Tengah",,/assets/brand/logos/pdam/lombok-tengah.png,,
pdam-lombok-timur-5203,"Perumda Air Minum Kabupaten Lombok Timur",perumda-air-minum-kabupaten-lombok-timur,52,52.03,"Lombok Timur","Jl. Utama, Lombok Timur",,/assets/brand/logos/pdam/lombok-timur.png,,
pdam-sumbawa-5204,"Perumda Air Minum Kabupaten Sumbawa",perumda-air-minum-kabupaten-sumbawa,52,52.04,Sumbawa,"Jl. Utama, Sumbawa",,/assets/brand/logos/pdam/sumbawa.png,,
pdam-dompu-5205,"Perumda Air Minum Kabupaten Dompu",perumda-air-minum-kabupaten-dompu,52,52.05,Dompu,"Jl. Utama, Dompu",,/assets/brand/logos/pdam/dompu.png,,
pdam-bima-5206,"Perumda Air Minum Kabupaten Bima",perumda-air-minum-kabupaten-bima,52,52.06,Bima,"Jl. Utama, Bima",,/assets/brand/logos/pdam/bima.png,,
pdam-sumbawa-barat-5207,"Perumda Air Minum Kabupaten Sumbawa Barat",perumda-air-minum-kabupaten-sumbawa-barat,52,52.07,"Sumbawa Barat","Jl. Utama, Sumbawa Barat",,/assets/brand/logos/pdam/sumbawa-barat.png,,
pdam-lombok-utara-5208,"Perumda Air Minum Kabupaten Lombok Utara",perumda-air-minum-kabupaten-lombok-utara,52,52.08,"Lombok Utara","Jl. Utama, Lombok Utara",,/assets/brand/logos/pdam/lombok-utara.png,,
pdam-mataram-5271,"Perumdam Menang Mataram",perumdam-menang-mataram,52,52.71,Mataram,"Jl. Pendidikan, Mataram",,/assets/brand/logos/pdam/mataram.png,,
pdam-bima-5272,"Perumda Air Minum Kota Bima",perumda-air-minum-kota-bima,52,52.72,Bima,"Jl. Utama, Bima",,/assets/brand/logos/pdam/bima.png,,
pdam-kupang-5301,"Perumda Air Minum Kabupaten Kupang",perumda-air-minum-kabupaten-kupang,53,53.01,Kupang,"Jl. Utama, Kupang",,/assets/brand/logos/pdam/kupang.png,,
pdam-timor-tengah-selatan-5302,"Perumda Air Minum Kabupaten Timor Tengah Selatan",perumda-air-minum-kabupaten-timor-tengah-selatan,53,53.02,"Timor Tengah Selatan","Jl. Utama, Timor Tengah Selatan",,/assets/brand/logos/pdam/timor-tengah-selatan.png,,
pdam-timor-tengah-utara-5303,"Perumda Air Minum Kabupaten Timor Tengah Utara",perumda-air-minum-kabupaten-timor-tengah-utara,53,53.03,"Timor Tengah Utara","Jl. Utama, Timor Tengah Utara",,/assets/brand/logos/pdam/timor-tengah-utara.png,,
pdam-belu-5304,"Perumda Air Minum Kabupaten Belu",perumda-air-minum-kabupaten-belu,53,53.04,Belu,"Jl. Utama, Belu",,/assets/brand/logos/pdam/belu.png,,
pdam-alor-5305,"Perumda Air Minum Kabupaten Alor",perumda-air-minum-kabupaten-alor,53,53.05,Alor,"Jl. Utama, Alor",,/assets/brand/logos/pdam/alor.png,,
pdam-flores-timur-5306,"Perumda Air Minum Kabupaten Flores Timur",perumda-air-minum-kabupaten-flores-timur,53,53.06,"Flores Timur","Jl. Utama, Flores Timur",,/assets/brand/logos/pdam/flores-timur.png,,
pdam-sikka-5307,"Perumda Air Minum Kabupaten Sikka",perumda-air-minum-kabupaten-sikka,53,53.07,Sikka,"Jl. Utama, Sikka",,/assets/brand/logos/pdam/sikka.png,,
pdam-ende-5308,"Perumda Air Minum Kabupaten Ende",perumda-air-minum-kabupaten-ende,53,53.08,Ende,"Jl. Utama, Ende",,/assets/brand/logos/pdam/ende.png,,
pdam-ngada-5309,"Perumda Air Minum Kabupaten Ngada",perumda-air-minum-kabupaten-ngada,53,53.09,Ngada,"Jl. Utama, Ngada",,/assets/brand/logos/pdam/ngada.png,,
pdam-manggarai-5310,"Perumda Air Minum Kabupaten Manggarai",perumda-air-minum-kabupaten-manggarai,53,53.10,Manggarai,"Jl. Utama, Manggarai",,/assets/brand/logos/pdam/manggarai.png,,
pdam-sumba-timur-5311,"Perumda Air Minum Kabupaten Sumba Timur",perumda-air-minum-kabupaten-sumba-timur,53,53.11,"Sumba Timur","Jl. Utama, Sumba Timur",,/assets/brand/logos/pdam/sumba-timur.png,,
pdam-sumba-barat-5312,"Perumda Air Minum Kabupaten Sumba Barat",perumda-air-minum-kabupaten-sumba-barat,53,53.12,"Sumba Barat","Jl. Utama, Sumba Barat",,/assets/brand/logos/pdam/sumba-barat.png,,
pdam-lembata-5313,"Perumda Air Minum Kabupaten Lembata",perumda-air-minum-kabupaten-lembata,53,53.13,Lembata,"Jl. Utama, Lembata",,/assets/brand/logos/pdam/lembata.png,,
pdam-rote-ndao-5314,"Perumda Air Minum Kabupaten Rote Ndao",perumda-air-minum-kabupaten-rote-ndao,53,53.14,"Rote Ndao","Jl. Utama, Rote Ndao",,/assets/brand/logos/pdam/rote-ndao.png,,
pdam-manggarai-barat-5315,"Perumda Air Minum Kabupaten Manggarai Barat",perumda-air-minum-kabupaten-manggarai-barat,53,53.15,"Manggarai Barat","Jl. Utama, Manggarai Barat",,/assets/brand/logos/pdam/manggarai-barat.png,,
pdam-nagekeo-5316,"Perumda Air Minum Kabupaten Nagekeo",perumda-air-minum-kabupaten-nagekeo,53,53.16,Nagekeo,"Jl. Utama, Nagekeo",,/assets/brand/logos/pdam/nagekeo.png,,
pdam-sumba-tengah-5317,"Perumda Air Minum Kabupaten Sumba Tengah",perumda-air-minum-kabupaten-sumba-tengah,53,53.17,"Sumba Tengah","Jl. Utama, Sumba Tengah",,/assets/brand/logos/pdam/sumba-tengah.png,,
pdam-sumba-barat-daya-5318,"Perumda Air Minum Kabupaten Sumba Barat Daya",perumda-air-minum-kabupaten-sumba-barat-daya,53,53.18,"Sumba Barat Daya","Jl. Utama, Sumba Barat Daya",,/assets/brand/logos/pdam/sumba-barat-daya.png,,
pdam-manggarai-timur-5319,"Perumda Air Minum Kabupaten Manggarai Timur",perumda-air-minum-kabupaten-manggarai-timur,53,53.19,"Manggarai Timur","Jl. Utama, Manggarai Timur",,/assets/brand/logos/pdam/manggarai-timur.png,,
pdam-sabu-raijua-5320,"Perumda Air Minum Kabupaten Sabu Raijua",perumda-air-minum-kabupaten-sabu-raijua,53,53.20,"Sabu Raijua","Jl. Utama, Sabu Raijua",,/assets/brand/logos/pdam/sabu-raijua.png,,
pdam-malaka-5321,"Perumda Air Minum Kabupaten Malaka",perumda-air-minum-kabupaten-malaka,53,53.21,Malaka,"Jl. Utama, Malaka",,/assets/brand/logos/pdam/malaka.png,,
pdam-kupang-5371,"Perumdam Tirta Lontar Kupang",perumdam-tirta-lontar-kupang,53,53.71,Kupang,"Jl. El Tari, Kupang",,/assets/brand/logos/pdam/kupang.png,,
pdam-sambas-6101,"Perumda Air Minum Kabupaten Sambas",perumda-air-minum-kabupaten-sambas,61,61.01,Sambas,"Jl. Utama, Sambas",,/assets/brand/logos/pdam/sambas.png,,
pdam-mempawah-6102,"Perumda Air Minum Kabupaten Mempawah",perumda-air-minum-kabupaten-mempawah,61,61.02,Mempawah,"Jl. Utama, Mempawah",,/assets/brand/logos/pdam/mempawah.png,,
pdam-sanggau-6103,"Perumda Air Minum Kabupaten Sanggau",perumda-air-minum-kabupaten-sanggau,61,61.03,Sanggau,"Jl. Utama, Sanggau",,/assets/brand/logos/pdam/sanggau.png,,
pdam-ketapang-6104,"Perumda Air Minum Kabupaten Ketapang",perumda-air-minum-kabupaten-ketapang,61,61.04,Ketapang,"Jl. Utama, Ketapang",,/assets/brand/logos/pdam/ketapang.png,,
pdam-sintang-6105,"Perumda Air Minum Kabupaten Sintang",perumda-air-minum-kabupaten-sintang,61,61.05,Sintang,"Jl. Utama, Sintang",,/assets/brand/logos/pdam/sintang.png,,
pdam-kapuas-hulu-6106,"Perumda Air Minum Kabupaten Kapuas Hulu",perumda-air-minum-kabupaten-kapuas-hulu,61,61.06,"Kapuas Hulu","Jl. Utama, Kapuas Hulu",,/assets/brand/logos/pdam/kapuas-hulu.png,,
pdam-bengkayang-6107,"Perumda Air Minum Kabupaten Bengkayang",perumda-air-minum-kabupaten-bengkayang,61,61.07,Bengkayang,"Jl. Utama, Bengkayang",,/assets/brand/logos/pdam/bengkayang.png,,
pdam-landak-6108,"Perumda Air Minum Kabupaten Landak",perumda-air-minum-kabupaten-landak,61,61.08,Landak,"Jl. Utama, Landak",,/assets/brand/logos/pdam/landak.png,,
pdam-sekadau-6109,"Perumda Air Minum Kabupaten Sekadau",perumda-air-minum-kabupaten-sekadau,61,61.09,Sekadau,"Jl. Utama, Sekadau",,/assets/brand/logos/pdam/sekadau.png,,
pdam-melawi-6110,"Perumda Air Minum Kabupaten Melawi",perumda-air-minum-kabupaten-melawi,61,61.10,Melawi,"Jl. Utama, Melawi",,/assets/brand/logos/pdam/melawi.png,,
pdam-kayong-utara-6111,"Perumda Air Minum Kabupaten Kayong Utara",perumda-air-minum-kabupaten-kayong-utara,61,61.11,"Kayong Utara","Jl. Utama, Kayong Utara",,/assets/brand/logos/pdam/kayong-utara.png,,
pdam-kubu-raya-6112,"Perumda Air Minum Kabupaten Kubu Raya",perumda-air-minum-kabupaten-kubu-raya,61,61.12,"Kubu Raya","Jl. Utama, Kubu Raya",,/assets/brand/logos/pdam/kubu-raya.png,,
pdam-pontianak-6171,"Perumdam Tirta Khatulistiwa Pontianak",perumdam-tirta-khatulistiwa-pontianak,61,61.71,Pontianak,"Jl. Imam Bonjol No.430, Pontianak",,/assets/brand/logos/pdam/pontianak.png,,
pdam-singkawang-6172,"Perumda Air Minum Kota Singkawang",perumda-air-minum-kota-singkawang,61,61.72,Singkawang,"Jl. Utama, Singkawang",,/assets/brand/logos/pdam/singkawang.png,,
pdam-kotawaringin-barat-6201,"Perumda Air Minum Kabupaten Kotawaringin Barat",perumda-air-minum-kabupaten-kotawaringin-barat,62,62.01,"Kotawaringin Barat","Jl. Utama, Kotawaringin Barat",,/assets/brand/logos/pdam/kotawaringin-barat.png,,
pdam-kotawaringin-timur-6202,"Perumda Air Minum Kabupaten Kotawaringin Timur",perumda-air-minum-kabupaten-kotawaringin-timur,62,62.02,"Kotawaringin Timur","Jl. Utama, Kotawaringin Timur",,/assets/brand/logos/pdam/kotawaringin-timur.png,,
pdam-kapuas-6203,"Perumda Air Minum Kabupaten Kapuas",perumda-air-minum-kabupaten-kapuas,62,62.03,Kapuas,"Jl. Utama, Kapuas",,/assets/brand/logos/pdam/kapuas.png,,
pdam-barito-selatan-6204,"Perumda Air Minum Kabupaten Barito Selatan",perumda-air-minum-kabupaten-barito-selatan,62,62.04,"Barito Selatan","Jl. Utama, Barito Selatan",,/assets/brand/logos/pdam/barito-selatan.png,,
pdam-barito-utara-6205,"Perumda Air Minum Kabupaten Barito Utara",perumda-air-minum-kabupaten-barito-utara,62,62.05,"Barito Utara","Jl. Utama, Barito Utara",,/assets/brand/logos/pdam/barito-utara.png,,
pdam-katingan-6206,"Perumda Air Minum Kabupaten Katingan",perumda-air-minum-kabupaten-katingan,62,62.06,Katingan,"Jl. Utama, Katingan",,/assets/brand/logos/pdam/katingan.png,,
pdam-seruyan-6207,"Perumda Air Minum Kabupaten Seruyan",perumda-air-minum-kabupaten-seruyan,62,62.07,Seruyan,"Jl. Utama, Seruyan",,/assets/brand/logos/pdam/seruyan.png,,
pdam-sukamara-6208,"Perumda Air Minum Kabupaten Sukamara",perumda-air-minum-kabupaten-sukamara,62,62.08,Sukamara,"Jl. Utama, Sukamara",,/assets/brand/logos/pdam/sukamara.png,,
pdam-lamandau-6209,"Perumda Air Minum Kabupaten Lamandau",perumda-air-minum-kabupaten-lamandau,62,62.09,Lamandau,"Jl. Utama, Lamandau",,/assets/brand/logos/pdam/lamandau.png,,
pdam-gunung-mas-6210,"Perumda Air Minum Kabupaten Gunung Mas",perumda-air-minum-kabupaten-gunung-mas,62,62.10,"Gunung Mas","Jl. Utama, Gunung Mas",,/assets/brand/logos/pdam/gunung-mas.png,,
pdam-pulang-pisau-6211,"Perumda Air Minum Kabupaten Pulang Pisau",perumda-air-minum-kabupaten-pulang-pisau,62,62.11,"Pulang Pisau","Jl. Utama, Pulang Pisau",,/assets/brand/logos/pdam/pulang-pisau.png,,
pdam-murung-raya-6212,"Perumda Air Minum Kabupaten Murung Raya",perumda-air-minum-kabupaten-murung-raya,62,62.12,"Murung Raya","Jl. Utama, Murung Raya",,/assets/brand/logos/pdam/murung-raya.png,,
pdam-barito-timur-6213,"Perumda Air Minum Kabupaten Barito Timur",perumda-air-minum-kabupaten-barito-timur,62,62.13,"Barito Timur","Jl. Utama, Barito Timur",,/assets/brand/logos/pdam/barito-timur.png,,
pdam-palangkaraya-6271,"Perumdam Tirta Pancur Aji Sanggau",perumdam-tirta-pancur-aji-sanggau,62,62.71,Sanggau,"Jl. Jenderal Sudirman, Sanggau",,/assets/brand/logos/pdam/sanggau.png,,
pdam-tanah-laut-6301,"Perumda Air Minum Kabupaten Tanah Laut",perumda-air-minum-kabupaten-tanah-laut,63,63.01,"Tanah Laut","Jl. Utama, Tanah Laut",,/assets/brand/logos/pdam/tanah-laut.png,,
pdam-kotabaru-6302,"Perumda Air Minum Kabupaten Kotabaru",perumda-air-minum-kabupaten-kotabaru,63,63.02,Kotabaru,"Jl. Utama, Kotabaru",,/assets/brand/logos/pdam/kotabaru.png,,
pdam-banjar-6303,"Perumda Air Minum Kabupaten Banjar",perumda-air-minum-kabupaten-banjar,63,63.03,Banjar,"Jl. Utama, Banjar",,/assets/brand/logos/pdam/banjar.png,,
pdam-barito-kuala-6304,"Perumda Air Minum Kabupaten Barito Kuala",perumda-air-minum-kabupaten-barito-kuala,63,63.04,"Barito Kuala","Jl. Utama, Barito Kuala",,/assets/brand/logos/pdam/barito-kuala.png,,
pdam-tapin-6305,"Perumda Air Minum Kabupaten Tapin",perumda-air-minum-kabupaten-tapin,63,63.05,Tapin,"Jl. Utama, Tapin",,/assets/brand/logos/pdam/tapin.png,,
pdam-hulu-sungai-selatan-6306,"Perumda Air Minum Kabupaten Hulu Sungai Selatan",perumda-air-minum-kabupaten-hulu-sungai-selatan,63,63.06,"Hulu Sungai Selatan","Jl. Utama, Hulu Sungai Selatan",,/assets/brand/logos/pdam/hulu-sungai-selatan.png,,
pdam-hulu-sungai-tengah-6307,"Perumda Air Minum Kabupaten Hulu Sungai Tengah",perumda-air-minum-kabupaten-hulu-sungai-tengah,63,63.07,"Hulu Sungai Tengah","Jl. Utama, Hulu Sungai Tengah",,/assets/brand/logos/pdam/hulu-sungai-tengah.png,,
pdam-hulu-sungai-utara-6308,"Perumda Air Minum Kabupaten Hulu Sungai Utara",perumda-air-minum-kabupaten-hulu-sungai-utara,63,63.08,"Hulu Sungai Utara","Jl. Utama, Hulu Sungai Utara",,/assets/brand/logos/pdam/hulu-sungai-utara.png,,
pdam-tabalong-6309,"Perumda Air Minum Kabupaten Tabalong",perumda-air-minum-kabupaten-tabalong,63,63.09,Tabalong,"Jl. Utama, Tabalong",,/assets/brand/logos/pdam/tabalong.png,,
pdam-tanah-bumbu-6310,"Perumda Air Minum Kabupaten Tanah Bumbu",perumda-air-minum-kabupaten-tanah-bumbu,63,63.10,"Tanah Bumbu","Jl. Utama, Tanah Bumbu",,/assets/brand/logos/pdam/tanah-bumbu.png,,
pdam-balangan-6311,"Perumda Air Minum Kabupaten Balangan",perumda-air-minum-kabupaten-balangan,63,63.11,Balangan,"Jl. Utama, Balangan",,/assets/brand/logos/pdam/balangan.png,,
pdam-banjarmasin-6371,"Perumdam PDAM Bandarmasih Banjarmasin",perumdam-pdam-bandarmasih-banjarmasin,63,63.71,Banjarmasin,"Jl. A. Yani KM. 3, Banjarmasin",pdambandarmasih.co.id,/assets/brand/logos/pdam/banjarmasin.png,,
pdam-banjarbaru-6372,"Perumda Air Minum Kota Banjarbaru",perumda-air-minum-kota-banjarbaru,63,63.72,Banjarbaru,"Jl. Utama, Banjarbaru",,/assets/brand/logos/pdam/banjarbaru.png,,
pdam-paser-6401,"Perumda Air Minum Kabupaten Paser",perumda-air-minum-kabupaten-paser,64,64.01,Paser,"Jl. Utama, Paser",,/assets/brand/logos/pdam/paser.png,,
pdam-kutai-kartanegara-6402,"Perumdam Tirta Mahakam Kutai Kartanegara",perumdam-tirta-mahakam-kutai-kartanegara,64,64.02,Tenggarong,"Jl. Wolter Monginsidi, Tenggarong",,/assets/brand/logos/pdam/tenggarong.png,,
pdam-berau-6403,"Perumda Air Minum Kabupaten Berau",perumda-air-minum-kabupaten-berau,64,64.03,Berau,"Jl. Utama, Berau",,/assets/brand/logos/pdam/berau.png,,
pdam-kutai-barat-6407,"Perumda Air Minum Kabupaten Kutai Barat",perumda-air-minum-kabupaten-kutai-barat,64,64.07,"Kutai Barat","Jl. Utama, Kutai Barat",,/assets/brand/logos/pdam/kutai-barat.png,,
pdam-kutai-timur-6408,"Perumda Air Minum Kabupaten Kutai Timur",perumda-air-minum-kabupaten-kutai-timur,64,64.08,"Kutai Timur","Jl. Utama, Kutai Timur",,/assets/brand/logos/pdam/kutai-timur.png,,
pdam-penajam-paser-utara-6409,"Perumda Air Minum Kabupaten Penajam Paser Utara",perumda-air-minum-kabupaten-penajam-paser-utara,64,64.09,"Penajam Paser Utara","Jl. Utama, Penajam Paser Utara",,/assets/brand/logos/pdam/penajam-paser-utara.png,,
pdam-mahakam-ulu-6411,"Perumda Air Minum Kabupaten Mahakam Ulu",perumda-air-minum-kabupaten-mahakam-ulu,64,64.11,"Mahakam Ulu","Jl. Utama, Mahakam Ulu",,/assets/brand/logos/pdam/mahakam-ulu.png,,
pdam-balikpapan-6471,"Perumda Tirta Manuntung Balikpapan",perumda-tirta-manuntung-balikpapan,64,64.71,Balikpapan,"Jl. Ruhui Rahayu I No.1, Balikpapan Selatan",ptmb.co.id,/assets/brand/logos/pdam/balikpapan.png,,
pdam-samarinda-6472,"Perumdam Tirta Kencana Samarinda",perumdam-tirta-kencana-samarinda,64,64.72,Samarinda,"Jl. Tirta Kencana No.1, Samarinda",perumdamtirtakencana.id,/assets/brand/logos/pdam/samarinda.png,,
pdam-bontang-6474,"Perumda Tirta Taman Bontang",perumda-tirta-taman-bontang,64,64.74,Bontang,"Jl. Awang Long No.1, Bontang",,/assets/brand/logos/pdam/bontang.png,,
pdam-bulungan-6501,"Perumda Air Minum Kabupaten Bulungan",perumda-air-minum-kabupaten-bulungan,65,65.01,Bulungan,"Jl. Utama, Bulungan",,/assets/brand/logos/pdam/bulungan.png,,
pdam-malinau-6502,"Perumda Air Minum Kabupaten Malinau",perumda-air-minum-kabupaten-malinau,65,65.02,Malinau,"Jl. Utama, Malinau",,/assets/brand/logos/pdam/malinau.png,,
pdam-nunukan-6503,"Perumda Air Minum Kabupaten Nunukan",perumda-air-minum-kabupaten-nunukan,65,65.03,Nunukan,"Jl. Utama, Nunukan",,/assets/brand/logos/pdam/nunukan.png,,
pdam-tana-tidung-6504,"Perumda Air Minum Kabupaten Tana Tidung",perumda-air-minum-kabupaten-tana-tidung,65,65.04,"Tana Tidung","Jl. Utama, Tana Tidung",,/assets/brand/logos/pdam/tana-tidung.png,,
pdam-tarakan-6571,"Perumdam Tirta Alam Nunukan",perumdam-tirta-alam-nunukan,65,65.71,Nunukan,"Jl. Ujang Dewa, Nunukan",,/assets/brand/logos/pdam/nunukan.png,,
pdam-bolaang-mongondow-7101,"Perumda Air Minum Kabupaten Bolaang Mongondow",perumda-air-minum-kabupaten-bolaang-mongondow,71,71.01,"Bolaang Mongondow","Jl. Utama, Bolaang Mongondow",,/assets/brand/logos/pdam/bolaang-mongondow.png,,
pdam-minahasa-7102,"Perumda Air Minum Kabupaten Minahasa",perumda-air-minum-kabupaten-minahasa,71,71.02,Minahasa,"Jl. Utama, Minahasa",,/assets/brand/logos/pdam/minahasa.png,,
pdam-kepulauan-sangihe-7103,"Perumda Air Minum Kabupaten Kepulauan Sangihe",perumda-air-minum-kabupaten-kepulauan-sangihe,71,71.03,"Kepulauan Sangihe","Jl. Utama, Kepulauan Sangihe",,/assets/brand/logos/pdam/kepulauan-sangihe.png,,
pdam-kepulauan-talaud-7104,"Perumda Air Minum Kabupaten Kepulauan Talaud",perumda-air-minum-kabupaten-kepulauan-talaud,71,71.04,"Kepulauan Talaud","Jl. Utama, Kepulauan Talaud",,/assets/brand/logos/pdam/kepulauan-talaud.png,,
pdam-minahasa-selatan-7105,"Perumda Air Minum Kabupaten Minahasa Selatan",perumda-air-minum-kabupaten-minahasa-selatan,71,71.05,"Minahasa Selatan","Jl. Utama, Minahasa Selatan",,/assets/brand/logos/pdam/minahasa-selatan.png,,
pdam-minahasa-utara-7106,"Perumda Air Minum Kabupaten Minahasa Utara",perumda-air-minum-kabupaten-minahasa-utara,71,71.06,"Minahasa Utara","Jl. Utama, Minahasa Utara",,/assets/brand/logos/pdam/minahasa-utara.png,,
pdam-minahasa-tenggara-7107,"Perumda Air Minum Kabupaten Minahasa Tenggara",perumda-air-minum-kabupaten-minahasa-tenggara,71,71.07,"Minahasa Tenggara","Jl. Utama, Minahasa Tenggara",,/assets/brand/logos/pdam/minahasa-tenggara.png,,
pdam-bolaang-mongondow-utara-7108,"Perumda Air Minum Kabupaten Bolaang Mongondow Utara",perumda-air-minum-kabupaten-bolaang-mongondow-utara,71,71.08,"Bolaang Mongondow Utara","Jl. Utama, Bolaang Mongondow Utara",,/assets/brand/logos/pdam/bolaang-mongondow-utara.png,,
pdam-kep-siau-tagulandang-biaro-7109,"Perumda Air Minum Kabupaten Kep. Siau Tagulandang Biaro",perumda-air-minum-kabupaten-kep-siau-tagulandang-biaro,71,71.09,"Kep. Siau Tagulandang Biaro","Jl. Utama, Kep. Siau Tagulandang Biaro",,/assets/brand/logos/pdam/kep-siau-tagulandang-biaro.png,,
pdam-bolaang-mongondow-timur-7110,"Perumda Air Minum Kabupaten Bolaang Mongondow Timur",perumda-air-minum-kabupaten-bolaang-mongondow-timur,71,71.10,"Bolaang Mongondow Timur","Jl. Utama, Bolaang Mongondow Timur",,/assets/brand/logos/pdam/bolaang-mongondow-timur.png,,
pdam-bolaang-mongondow-selatan-7111,"Perumda Air Minum Kabupaten Bolaang Mongondow Selatan",perumda-air-minum-kabupaten-bolaang-mongondow-selatan,71,71.11,"Bolaang Mongondow Selatan","Jl. Utama, Bolaang Mongondow Selatan",,/assets/brand/logos/pdam/bolaang-mongondow-selatan.png,,
pdam-manado-7171,"Perumdam Air Minum Kota Manado",perumdam-air-minum-kota-manado,71,71.71,Manado,"Jl. 14 Februari, Manado",,/assets/brand/logos/pdam/manado.png,,
pdam-bitung-7172,"Perumda Air Minum Kota Bitung",perumda-air-minum-kota-bitung,71,71.72,Bitung,"Jl. Utama, Bitung",,/assets/brand/logos/pdam/bitung.png,,
pdam-tomohon-7173,"Perumda Air Minum Kota Tomohon",perumda-air-minum-kota-tomohon,71,71.73,Tomohon,"Jl. Utama, Tomohon",,/assets/brand/logos/pdam/tomohon.png,,
pdam-kotamobagu-7174,"Perumda Air Minum Kota Kotamobagu",perumda-air-minum-kota-kotamobagu,71,71.74,Kotamobagu,"Jl. Utama, Kotamobagu",,/assets/brand/logos/pdam/kotamobagu.png,,
pdam-banggai-7201,"Perumda Air Minum Kabupaten Banggai",perumda-air-minum-kabupaten-banggai,72,72.01,Banggai,"Jl. Utama, Banggai",,/assets/brand/logos/pdam/banggai.png,,
pdam-poso-7202,"Perumda Air Minum Kabupaten Poso",perumda-air-minum-kabupaten-poso,72,72.02,Poso,"Jl. Utama, Poso",,/assets/brand/logos/pdam/poso.png,,
pdam-donggala-7203,"Perumda Air Minum Kabupaten Donggala",perumda-air-minum-kabupaten-donggala,72,72.03,Donggala,"Jl. Utama, Donggala",,/assets/brand/logos/pdam/donggala.png,,
pdam-toli-toli-7204,"Perumda Air Minum Kabupaten Toli-Toli",perumda-air-minum-kabupaten-toli-toli,72,72.04,Toli-Toli,"Jl. Utama, Toli-Toli",,/assets/brand/logos/pdam/toli-toli.png,,
pdam-buol-7205,"Perumda Air Minum Kabupaten Buol",perumda-air-minum-kabupaten-buol,72,72.05,Buol,"Jl. Utama, Buol",,/assets/brand/logos/pdam/buol.png,,
pdam-morowali-7206,"Perumda Air Minum Kabupaten Morowali",perumda-air-minum-kabupaten-morowali,72,72.06,Morowali,"Jl. Utama, Morowali",,/assets/brand/logos/pdam/morowali.png,,
pdam-banggai-kepulauan-7207,"Perumda Air Minum Kabupaten Banggai Kepulauan",perumda-air-minum-kabupaten-banggai-kepulauan,72,72.07,"Banggai Kepulauan","Jl. Utama, Banggai Kepulauan",,/assets/brand/logos/pdam/banggai-kepulauan.png,,
pdam-parigi-moutong-7208,"Perumda Air Minum Kabupaten Parigi Moutong",perumda-air-minum-kabupaten-parigi-moutong,72,72.08,"Parigi Moutong","Jl. Utama, Parigi Moutong",,/assets/brand/logos/pdam/parigi-moutong.png,,
pdam-tojo-una-una-7209,"Perumda Air Minum Kabupaten Tojo Una Una",perumda-air-minum-kabupaten-tojo-una-una,72,72.09,"Tojo Una Una","Jl. Utama, Tojo Una Una",,/assets/brand/logos/pdam/tojo-una-una.png,,
pdam-sigi-7210,"Perumda Air Minum Kabupaten Sigi",perumda-air-minum-kabupaten-sigi,72,72.10,Sigi,"Jl. Utama, Sigi",,/assets/brand/logos/pdam/sigi.png,,
pdam-banggai-laut-7211,"Perumda Air Minum Kabupaten Banggai Laut",perumda-air-minum-kabupaten-banggai-laut,72,72.11,"Banggai Laut","Jl. Utama, Banggai Laut",,/assets/brand/logos/pdam/banggai-laut.png,,
pdam-morowali-utara-7212,"Perumda Air Minum Kabupaten Morowali Utara",perumda-air-minum-kabupaten-morowali-utara,72,72.12,"Morowali Utara","Jl. Utama, Morowali Utara",,/assets/brand/logos/pdam/morowali-utara.png,,
pdam-palu-7271,"Perumdam Kota Palu",perumdam-kota-palu,72,72.71,Palu,"Jl. Moh. Yamin, Palu",,/assets/brand/logos/pdam/palu.png,,
pdam-kepulauan-selayar-7301,"Perumda Air Minum Kabupaten Kepulauan Selayar",perumda-air-minum-kabupaten-kepulauan-selayar,73,73.01,"Kepulauan Selayar","Jl. Utama, Kepulauan Selayar",,/assets/brand/logos/pdam/kepulauan-selayar.png,,
pdam-bulukumba-7302,"Perumda Air Minum Kabupaten Bulukumba",perumda-air-minum-kabupaten-bulukumba,73,73.02,Bulukumba,"Jl. Utama, Bulukumba",,/assets/brand/logos/pdam/bulukumba.png,,
pdam-bantaeng-7303,"Perumda Air Minum Kabupaten Bantaeng",perumda-air-minum-kabupaten-bantaeng,73,73.03,Bantaeng,"Jl. Utama, Bantaeng",,/assets/brand/logos/pdam/bantaeng.png,,
pdam-jeneponto-7304,"Perumda Air Minum Kabupaten Jeneponto",perumda-air-minum-kabupaten-jeneponto,73,73.04,Jeneponto,"Jl. Utama, Jeneponto",,/assets/brand/logos/pdam/jeneponto.png,,
pdam-takalar-7305,"Perumda Air Minum Kabupaten Takalar",perumda-air-minum-kabupaten-takalar,73,73.05,Takalar,"Jl. Utama, Takalar",,/assets/brand/logos/pdam/takalar.png,,
pdam-gowa-7306,"Perumda Air Minum Kabupaten Gowa",perumda-air-minum-kabupaten-gowa,73,73.06,Gowa,"Jl. Utama, Gowa",,/assets/brand/logos/pdam/gowa.png,,
pdam-sinjai-7307,"Perumda Air Minum Kabupaten Sinjai",perumda-air-minum-kabupaten-sinjai,73,73.07,Sinjai,"Jl. Utama, Sinjai",,/assets/brand/logos/pdam/sinjai.png,,
pdam-bone-7308,"Perumda Air Minum Kabupaten Bone",perumda-air-minum-kabupaten-bone,73,73.08,Bone,"Jl. Utama, Bone",,/assets/brand/logos/pdam/bone.png,,
pdam-maros-7309,"Perumda Air Minum Kabupaten Maros",perumda-air-minum-kabupaten-maros,73,73.09,Maros,"Jl. Utama, Maros",,/assets/brand/logos/pdam/maros.png,,
pdam-pangkajene-dan-kepulauan-7310,"Perumda Air Minum Kabupaten Pangkajene dan Kepulauan",perumda-air-minum-kabupaten-pangkajene-dan-kepulauan,73,73.10,"Pangkajene dan Kepulauan","Jl. Utama, Pangkajene dan Kepulauan",,/assets/brand/logos/pdam/pangkajene-dan-kepulauan.png,,
pdam-barru-7311,"Perumda Air Minum Kabupaten Barru",perumda-air-minum-kabupaten-barru,73,73.11,Barru,"Jl. Utama, Barru",,/assets/brand/logos/pdam/barru.png,,
pdam-soppeng-7312,"Perumda Air Minum Kabupaten Soppeng",perumda-air-minum-kabupaten-soppeng,73,73.12,Soppeng,"Jl. Utama, Soppeng",,/assets/brand/logos/pdam/soppeng.png,,
pdam-wajo-7313,"Perumda Air Minum Kabupaten Wajo",perumda-air-minum-kabupaten-wajo,73,73.13,Wajo,"Jl. Utama, Wajo",,/assets/brand/logos/pdam/wajo.png,,
pdam-sidenreng-rappang-7314,"Perumda Air Minum Kabupaten Sidenreng Rappang",perumda-air-minum-kabupaten-sidenreng-rappang,73,73.14,"Sidenreng Rappang","Jl. Utama, Sidenreng Rappang",,/assets/brand/logos/pdam/sidenreng-rappang.png,,
pdam-pinrang-7315,"Perumda Air Minum Kabupaten Pinrang",perumda-air-minum-kabupaten-pinrang,73,73.15,Pinrang,"Jl. Utama, Pinrang",,/assets/brand/logos/pdam/pinrang.png,,
pdam-enrekang-7316,"Perumda Air Minum Kabupaten Enrekang",perumda-air-minum-kabupaten-enrekang,73,73.16,Enrekang,"Jl. Utama, Enrekang",,/assets/brand/logos/pdam/enrekang.png,,
pdam-luwu-7317,"Perumda Air Minum Kabupaten Luwu",perumda-air-minum-kabupaten-luwu,73,73.17,Luwu,"Jl. Utama, Luwu",,/assets/brand/logos/pdam/luwu.png,,
pdam-tana-toraja-7318,"Perumda Air Minum Kabupaten Tana Toraja",perumda-air-minum-kabupaten-tana-toraja,73,73.18,"Tana Toraja","Jl. Utama, Tana Toraja",,/assets/brand/logos/pdam/tana-toraja.png,,
pdam-luwu-utara-7322,"Perumda Air Minum Kabupaten Luwu Utara",perumda-air-minum-kabupaten-luwu-utara,73,73.22,"Luwu Utara","Jl. Utama, Luwu Utara",,/assets/brand/logos/pdam/luwu-utara.png,,
pdam-luwu-timur-7324,"Perumda Air Minum Kabupaten Luwu Timur",perumda-air-minum-kabupaten-luwu-timur,73,73.24,"Luwu Timur","Jl. Utama, Luwu Timur",,/assets/brand/logos/pdam/luwu-timur.png,,
pdam-toraja-utara-7326,"Perumda Air Minum Kabupaten Toraja Utara",perumda-air-minum-kabupaten-toraja-utara,73,73.26,"Toraja Utara","Jl. Utama, Toraja Utara",,/assets/brand/logos/pdam/toraja-utara.png,,
pdam-makassar-7371,"Perumda Air Minum Kota Makassar",perumda-air-minum-kota-makassar,73,73.71,Makassar,"Jl. Dr. Ratulangi No.3, Makassar",pdammakassar.co.id,/assets/brand/logos/pdam/makassar.png,,
pdam-parepare-7372,"Perumda Air Minum Kota Parepare",perumda-air-minum-kota-parepare,73,73.72,Parepare,"Jl. Utama, Parepare",,/assets/brand/logos/pdam/parepare.png,,
pdam-palopo-7373,"Perumda Air Minum Kota Palopo",perumda-air-minum-kota-palopo,73,73.73,Palopo,"Jl. Utama, Palopo",,/assets/brand/logos/pdam/palopo.png,,
pdam-kolaka-7401,"Perumda Air Minum Kabupaten Kolaka",perumda-air-minum-kabupaten-kolaka,74,74.01,Kolaka,"Jl. Utama, Kolaka",,/assets/brand/logos/pdam/kolaka.png,,
pdam-konawe-7402,"Perumda Air Minum Kabupaten Konawe",perumda-air-minum-kabupaten-konawe,74,74.02,Konawe,"Jl. Utama, Konawe",,/assets/brand/logos/pdam/konawe.png,,
pdam-muna-7403,"Perumda Air Minum Kabupaten Muna",perumda-air-minum-kabupaten-muna,74,74.03,Muna,"Jl. Utama, Muna",,/assets/brand/logos/pdam/muna.png,,
pdam-buton-7404,"Perumda Air Minum Kabupaten Buton",perumda-air-minum-kabupaten-buton,74,74.04,Buton,"Jl. Utama, Buton",,/assets/brand/logos/pdam/buton.png,,
pdam-konawe-selatan-7405,"Perumda Air Minum Kabupaten Konawe Selatan",perumda-air-minum-kabupaten-konawe-selatan,74,74.05,"Konawe Selatan","Jl. Utama, Konawe Selatan",,/assets/brand/logos/pdam/konawe-selatan.png,,
pdam-bombana-7406,"Perumda Air Minum Kabupaten Bombana",perumda-air-minum-kabupaten-bombana,74,74.06,Bombana,"Jl. Utama, Bombana",,/assets/brand/logos/pdam/bombana.png,,
pdam-wakatobi-7407,"Perumda Air Minum Kabupaten Wakatobi",perumda-air-minum-kabupaten-wakatobi,74,74.07,Wakatobi,"Jl. Utama, Wakatobi",,/assets/brand/logos/pdam/wakatobi.png,,
pdam-kolaka-utara-7408,"Perumda Air Minum Kabupaten Kolaka Utara",perumda-air-minum-kabupaten-kolaka-utara,74,74.08,"Kolaka Utara","Jl. Utama, Kolaka Utara",,/assets/brand/logos/pdam/kolaka-utara.png,,
pdam-konawe-utara-7409,"Perumda Air Minum Kabupaten Konawe Utara",perumda-air-minum-kabupaten-konawe-utara,74,74.09,"Konawe Utara","Jl. Utama, Konawe Utara",,/assets/brand/logos/pdam/konawe-utara.png,,
pdam-buton-utara-7410,"Perumda Air Minum Kabupaten Buton Utara",perumda-air-minum-kabupaten-buton-utara,74,74.10,"Buton Utara","Jl. Utama, Buton Utara",,/assets/brand/logos/pdam/buton-utara.png,,
pdam-kolaka-timur-7411,"Perumda Air Minum Kabupaten Kolaka Timur",perumda-air-minum-kabupaten-kolaka-timur,74,74.11,"Kolaka Timur","Jl. Utama, Kolaka Timur",,/assets/brand/logos/pdam/kolaka-timur.png,,
pdam-konawe-kepulauan-7412,"Perumda Air Minum Kabupaten Konawe Kepulauan",perumda-air-minum-kabupaten-konawe-kepulauan,74,74.12,"Konawe Kepulauan","Jl. Utama, Konawe Kepulauan",,/assets/brand/logos/pdam/konawe-kepulauan.png,,
pdam-muna-barat-7413,"Perumda Air Minum Kabupaten Muna Barat",perumda-air-minum-kabupaten-muna-barat,74,74.13,"Muna Barat","Jl. Utama, Muna Barat",,/assets/brand/logos/pdam/muna-barat.png,,
pdam-buton-tengah-7414,"Perumda Air Minum Kabupaten Buton Tengah",perumda-air-minum-kabupaten-buton-tengah,74,74.14,"Buton Tengah","Jl. Utama, Buton Tengah",,/assets/brand/logos/pdam/buton-tengah.png,,
pdam-buton-selatan-7415,"Perumda Air Minum Kabupaten Buton Selatan",perumda-air-minum-kabupaten-buton-selatan,74,74.15,"Buton Selatan","Jl. Utama, Buton Selatan",,/assets/brand/logos/pdam/buton-selatan.png,,
pdam-kendari-7471,"Perumdam Tirta Kendari",perumdam-tirta-kendari,74,74.71,Kendari,"Jl. R.A. Kartini, Kendari",,/assets/brand/logos/pdam/kendari.png,,
pdam-bau-bau-7472,"Perumda Air Minum Kota Bau Bau",perumda-air-minum-kota-bau-bau,74,74.72,"Bau Bau","Jl. Utama, Bau Bau",,/assets/brand/logos/pdam/bau-bau.png,,
pdam-gorontalo-7501,"Perumda Air Minum Kabupaten Gorontalo",perumda-air-minum-kabupaten-gorontalo,75,75.01,Gorontalo,"Jl. Utama, Gorontalo",,/assets/brand/logos/pdam/gorontalo.png,,
pdam-boalemo-7502,"Perumda Air Minum Kabupaten Boalemo",perumda-air-minum-kabupaten-boalemo,75,75.02,Boalemo,"Jl. Utama, Boalemo",,/assets/brand/logos/pdam/boalemo.png,,
pdam-bone-bolango-7503,"Perumda Air Minum Kabupaten Bone Bolango",perumda-air-minum-kabupaten-bone-bolango,75,75.03,"Bone Bolango","Jl. Utama, Bone Bolango",,/assets/brand/logos/pdam/bone-bolango.png,,
pdam-pohuwato-7504,"Perumda Air Minum Kabupaten Pohuwato",perumda-air-minum-kabupaten-pohuwato,75,75.04,Pohuwato,"Jl. Utama, Pohuwato",,/assets/brand/logos/pdam/pohuwato.png,,
pdam-gorontalo-utara-7505,"Perumda Air Minum Kabupaten Gorontalo Utara",perumda-air-minum-kabupaten-gorontalo-utara,75,75.05,"Gorontalo Utara","Jl. Utama, Gorontalo Utara",,/assets/brand/logos/pdam/gorontalo-utara.png,,
pdam-gorontalo-7571,"Perumdam Tirta Bulawa Gorontalo",perumdam-tirta-bulawa-gorontalo,75,75.71,Gorontalo,"Jl. 23 Januari, Gorontalo",,/assets/brand/logos/pdam/gorontalo.png,,
pdam-pasangkayu-7601,"Perumda Air Minum Kabupaten Pasangkayu",perumda-air-minum-kabupaten-pasangkayu,76,76.01,Pasangkayu,"Jl. Utama, Pasangkayu",,/assets/brand/logos/pdam/pasangkayu.png,,
pdam-mamuju-7602,"Perumda Air Minum Kabupaten Mamuju",perumda-air-minum-kabupaten-mamuju,76,76.02,Mamuju,"Jl. Utama, Mamuju",,/assets/brand/logos/pdam/mamuju.png,,
pdam-mamasa-7603,"Perumda Air Minum Kabupaten Mamasa",perumda-air-minum-kabupaten-mamasa,76,76.03,Mamasa,"Jl. Utama, Mamasa",,/assets/brand/logos/pdam/mamasa.png,,
pdam-polewali-mandar-7604,"Perumda Air Minum Kabupaten Polewali Mandar",perumda-air-minum-kabupaten-polewali-mandar,76,76.04,"Polewali Mandar","Jl. Utama, Polewali Mandar",,/assets/brand/logos/pdam/polewali-mandar.png,,
pdam-majene-7605,"Perumda Air Minum Kabupaten Majene",perumda-air-minum-kabupaten-majene,76,76.05,Majene,"Jl. Utama, Majene",,/assets/brand/logos/pdam/majene.png,,
pdam-mamuju-tengah-7606,"Perumda Air Minum Kabupaten Mamuju Tengah",perumda-air-minum-kabupaten-mamuju-tengah,76,76.06,"Mamuju Tengah","Jl. Utama, Mamuju Tengah",,/assets/brand/logos/pdam/mamuju-tengah.png,,
pdam-maluku-tengah-8101,"Perumda Air Minum Kabupaten Maluku Tengah",perumda-air-minum-kabupaten-maluku-tengah,81,81.01,"Maluku Tengah","Jl. Utama, Maluku Tengah",,/assets/brand/logos/pdam/maluku-tengah.png,,
pdam-maluku-tenggara-8102,"Perumda Air Minum Kabupaten Maluku Tenggara",perumda-air-minum-kabupaten-maluku-tenggara,81,81.02,"Maluku Tenggara","Jl. Utama, Maluku Tenggara",,/assets/brand/logos/pdam/maluku-tenggara.png,,
pdam-kepulauan-tanimbar-8103,"Perumda Air Minum Kabupaten Kepulauan Tanimbar",perumda-air-minum-kabupaten-kepulauan-tanimbar,81,81.03,"Kepulauan Tanimbar","Jl. Utama, Kepulauan Tanimbar",,/assets/brand/logos/pdam/kepulauan-tanimbar.png,,
pdam-buru-8104,"Perumda Air Minum Kabupaten Buru",perumda-air-minum-kabupaten-buru,81,81.04,Buru,"Jl. Utama, Buru",,/assets/brand/logos/pdam/buru.png,,
pdam-seram-bagian-timur-8105,"Perumda Air Minum Kabupaten Seram Bagian Timur",perumda-air-minum-kabupaten-seram-bagian-timur,81,81.05,"Seram Bagian Timur","Jl. Utama, Seram Bagian Timur",,/assets/brand/logos/pdam/seram-bagian-timur.png,,
pdam-seram-bagian-barat-8106,"Perumda Air Minum Kabupaten Seram Bagian Barat",perumda-air-minum-kabupaten-seram-bagian-barat,81,81.06,"Seram Bagian Barat","Jl. Utama, Seram Bagian Barat",,/assets/brand/logos/pdam/seram-bagian-barat.png,,
pdam-kepulauan-aru-8107,"Perumda Air Minum Kabupaten Kepulauan Aru",perumda-air-minum-kabupaten-kepulauan-aru,81,81.07,"Kepulauan Aru","Jl. Utama, Kepulauan Aru",,/assets/brand/logos/pdam/kepulauan-aru.png,,
pdam-maluku-barat-daya-8108,"Perumda Air Minum Kabupaten Maluku Barat Daya",perumda-air-minum-kabupaten-maluku-barat-daya,81,81.08,"Maluku Barat Daya","Jl. Utama, Maluku Barat Daya",,/assets/brand/logos/pdam/maluku-barat-daya.png,,
pdam-buru-selatan-8109,"Perumda Air Minum Kabupaten Buru Selatan",perumda-air-minum-kabupaten-buru-selatan,81,81.09,"Buru Selatan","Jl. Utama, Buru Selatan",,/assets/brand/logos/pdam/buru-selatan.png,,
pdam-ambon-8171,"Perumdam Tirta Ambon",perumdam-tirta-ambon,81,81.71,Ambon,"Jl. Sultan Hasanudin, Ambon",,/assets/brand/logos/pdam/ambon.png,,
pdam-tual-8172,"Perumda Air Minum Kota Tual",perumda-air-minum-kota-tual,81,81.72,Tual,"Jl. Utama, Tual",,/assets/brand/logos/pdam/tual.png,,
pdam-halmahera-barat-8201,"Perumda Air Minum Kabupaten Halmahera Barat",perumda-air-minum-kabupaten-halmahera-barat,82,82.01,"Halmahera Barat","Jl. Utama, Halmahera Barat",,/assets/brand/logos/pdam/halmahera-barat.png,,
pdam-halmahera-tengah-8202,"Perumda Air Minum Kabupaten Halmahera Tengah",perumda-air-minum-kabupaten-halmahera-tengah,82,82.02,"Halmahera Tengah","Jl. Utama, Halmahera Tengah",,/assets/brand/logos/pdam/halmahera-tengah.png,,
pdam-halmahera-utara-8203,"Perumda Air Minum Kabupaten Halmahera Utara",perumda-air-minum-kabupaten-halmahera-utara,82,82.03,"Halmahera Utara","Jl. Utama, Halmahera Utara",,/assets/brand/logos/pdam/halmahera-utara.png,,
pdam-halmahera-selatan-8204,"Perumda Air Minum Kabupaten Halmahera Selatan",perumda-air-minum-kabupaten-halmahera-selatan,82,82.04,"Halmahera Selatan","Jl. Utama, Halmahera Selatan",,/assets/brand/logos/pdam/halmahera-selatan.png,,
pdam-kepulauan-sula-8205,"Perumda Air Minum Kabupaten Kepulauan Sula",perumda-air-minum-kabupaten-kepulauan-sula,82,82.05,"Kepulauan Sula","Jl. Utama, Kepulauan Sula",,/assets/brand/logos/pdam/kepulauan-sula.png,,
pdam-halmahera-timur-8206,"Perumda Air Minum Kabupaten Halmahera Timur",perumda-air-minum-kabupaten-halmahera-timur,82,82.06,"Halmahera Timur","Jl. Utama, Halmahera Timur",,/assets/brand/logos/pdam/halmahera-timur.png,,
pdam-pulau-morotai-8207,"Perumda Air Minum Kabupaten Pulau Morotai",perumda-air-minum-kabupaten-pulau-morotai,82,82.07,"Pulau Morotai","Jl. Utama, Pulau Morotai",,/assets/brand/logos/pdam/pulau-morotai.png,,
pdam-pulau-taliabu-8208,"Perumda Air Minum Kabupaten Pulau Taliabu",perumda-air-minum-kabupaten-pulau-taliabu,82,82.08,"Pulau Taliabu","Jl. Utama, Pulau Taliabu",,/assets/brand/logos/pdam/pulau-taliabu.png,,
pdam-ternate-8271,"Perumdam Air Minum Ternate",perumdam-air-minum-ternate,82,82.71,Ternate,"Jl. Cempaka, Ternate",,/assets/brand/logos/pdam/ternate.png,,
pdam-tidore-kepulauan-8272,"Perumda Air Minum Kota Tidore Kepulauan",perumda-air-minum-kota-tidore-kepulauan,82,82.72,"Tidore Kepulauan","Jl. Utama, Tidore Kepulauan",,/assets/brand/logos/pdam/tidore-kepulauan.png,,
pdam-jayapura-9103,"Perumda Air Minum Kabupaten Jayapura",perumda-air-minum-kabupaten-jayapura,91,91.03,Jayapura,"Jl. Utama, Jayapura",,/assets/brand/logos/pdam/jayapura.png,,
pdam-kepulauan-yapen-9105,"Perumda Air Minum Kabupaten Kepulauan Yapen",perumda-air-minum-kabupaten-kepulauan-yapen,91,91.05,"Kepulauan Yapen","Jl. Utama, Kepulauan Yapen",,/assets/brand/logos/pdam/kepulauan-yapen.png,,
pdam-biak-numfor-9106,"Perumda Air Minum Kabupaten Biak Numfor",perumda-air-minum-kabupaten-biak-numfor,91,91.06,"Biak Numfor","Jl. Utama, Biak Numfor",,/assets/brand/logos/pdam/biak-numfor.png,,
pdam-sarmi-9110,"Perumda Air Minum Kabupaten Sarmi",perumda-air-minum-kabupaten-sarmi,91,91.10,Sarmi,"Jl. Utama, Sarmi",,/assets/brand/logos/pdam/sarmi.png,,
pdam-keerom-9111,"Perumda Air Minum Kabupaten Keerom",perumda-air-minum-kabupaten-keerom,91,91.11,Keerom,"Jl. Utama, Keerom",,/assets/brand/logos/pdam/keerom.png,,
pdam-waropen-9115,"Perumda Air Minum Kabupaten Waropen",perumda-air-minum-kabupaten-waropen,91,91.15,Waropen,"Jl. Utama, Waropen",,/assets/brand/logos/pdam/waropen.png,,
pdam-supiori-9119,"Perumda Air Minum Kabupaten Supiori",perumda-air-minum-kabupaten-supiori,91,91.19,Supiori,"Jl. Utama, Supiori",,/assets/brand/logos/pdam/supiori.png,,
pdam-mamberamo-raya-9120,"Perumda Air Minum Kabupaten Mamberamo Raya",perumda-air-minum-kabupaten-mamberamo-raya,91,91.20,"Mamberamo Raya","Jl. Utama, Mamberamo Raya",,/assets/brand/logos/pdam/mamberamo-raya.png,,
pdam-jayapura-9171,"Perumdam Tirta Modo Sorong",perumdam-tirta-modo-sorong,91,91.71,Sorong,"Jl. Sudirman, Sorong",,/assets/brand/logos/pdam/sorong.png,,
pdam-manokwari-9202,"Perumda Air Minum Kabupaten Manokwari",perumda-air-minum-kabupaten-manokwari,92,92.02,Manokwari,"Jl. Utama, Manokwari",,/assets/brand/logos/pdam/manokwari.png,,
pdam-fak-fak-9203,"Perumda Air Minum Kabupaten Fak Fak",perumda-air-minum-kabupaten-fak-fak,92,92.03,"Fak Fak","Jl. Utama, Fak Fak",,/assets/brand/logos/pdam/fak-fak.png,,
pdam-teluk-bintuni-9206,"Perumda Air Minum Kabupaten Teluk Bintuni",perumda-air-minum-kabupaten-teluk-bintuni,92,92.06,"Teluk Bintuni","Jl. Utama, Teluk Bintuni",,/assets/brand/logos/pdam/teluk-bintuni.png,,
pdam-teluk-wondama-9207,"Perumda Air Minum Kabupaten Teluk Wondama",perumda-air-minum-kabupaten-teluk-wondama,92,92.07,"Teluk Wondama","Jl. Utama, Teluk Wondama",,/assets/brand/logos/pdam/teluk-wondama.png,,
pdam-kaimana-9208,"Perumda Air Minum Kabupaten Kaimana",perumda-air-minum-kabupaten-kaimana,92,92.08,Kaimana,"Jl. Utama, Kaimana",,/assets/brand/logos/pdam/kaimana.png,,
pdam-manokwari-selatan-9211,"Perumda Air Minum Kabupaten Manokwari Selatan",perumda-air-minum-kabupaten-manokwari-selatan,92,92.11,"Manokwari Selatan","Jl. Utama, Manokwari Selatan",,/assets/brand/logos/pdam/manokwari-selatan.png,,
pdam-pegunungan-arfak-9212,"Perumda Air Minum Kabupaten Pegunungan Arfak",perumda-air-minum-kabupaten-pegunungan-arfak,92,92.12,"Pegunungan Arfak","Jl. Utama, Pegunungan Arfak",,/assets/brand/logos/pdam/pegunungan-arfak.png,,
pdam-merauke-9301,"Perumda Air Minum Kabupaten Merauke",perumda-air-minum-kabupaten-merauke,93,93.01,Merauke,"Jl. Utama, Merauke",,/assets/brand/logos/pdam/merauke.png,,
pdam-boven-digoel-9302,"Perumda Air Minum Kabupaten Boven Digoel",perumda-air-minum-kabupaten-boven-digoel,93,93.02,"Boven Digoel","Jl. Utama, Boven Digoel",,/assets/brand/logos/pdam/boven-digoel.png,,
pdam-mappi-9303,"Perumda Air Minum Kabupaten Mappi",perumda-air-minum-kabupaten-mappi,93,93.03,Mappi,"Jl. Utama, Mappi",,/assets/brand/logos/pdam/mappi.png,,
pdam-asmat-9304,"Perumda Air Minum Kabupaten Asmat",perumda-air-minum-kabupaten-asmat,93,93.04,Asmat,"Jl. Utama, Asmat",,/assets/brand/logos/pdam/asmat.png,,
pdam-nabire-9401,"Perumda Air Minum Kabupaten Nabire",perumda-air-minum-kabupaten-nabire,94,94.01,Nabire,"Jl. Utama, Nabire",,/assets/brand/logos/pdam/nabire.png,,
pdam-puncak-jaya-9402,"Perumda Air Minum Kabupaten Puncak Jaya",perumda-air-minum-kabupaten-puncak-jaya,94,94.02,"Puncak Jaya","Jl. Utama, Puncak Jaya",,/assets/brand/logos/pdam/puncak-jaya.png,,
pdam-paniai-9403,"Perumda Air Minum Kabupaten Paniai",perumda-air-minum-kabupaten-paniai,94,94.03,Paniai,"Jl. Utama, Paniai",,/assets/brand/logos/pdam/paniai.png,,
pdam-mimika-9404,"Perumda Air Minum Kabupaten Mimika",perumda-air-minum-kabupaten-mimika,94,94.04,Mimika,"Jl. Utama, Mimika",,/assets/brand/logos/pdam/mimika.png,,
pdam-puncak-9405,"Perumda Air Minum Kabupaten Puncak",perumda-air-minum-kabupaten-puncak,94,94.05,Puncak,"Jl. Utama, Puncak",,/assets/brand/logos/pdam/puncak.png,,
pdam-dogiyai-9406,"Perumda Air Minum Kabupaten Dogiyai",perumda-air-minum-kabupaten-dogiyai,94,94.06,Dogiyai,"Jl. Utama, Dogiyai",,/assets/brand/logos/pdam/dogiyai.png,,
pdam-intan-jaya-9407,"Perumda Air Minum Kabupaten Intan Jaya",perumda-air-minum-kabupaten-intan-jaya,94,94.07,"Intan Jaya","Jl. Utama, Intan Jaya",,/assets/brand/logos/pdam/intan-jaya.png,,
pdam-deiyai-9408,"Perumda Air Minum Kabupaten Deiyai",perumda-air-minum-kabupaten-deiyai,94,94.08,Deiyai,"Jl. Utama, Deiyai",,/assets/brand/logos/pdam/deiyai.png,,
pdam-jayawijaya-9501,"Perumda Air Minum Kabupaten Jayawijaya",perumda-air-minum-kabupaten-jayawijaya,95,95.01,Jayawijaya,"Jl. Utama, Jayawijaya",,/assets/brand/logos/pdam/jayawijaya.png,,
pdam-pegunungan-bintang-9502,"Perumda Air Minum Kabupaten Pegunungan Bintang",perumda-air-minum-kabupaten-pegunungan-bintang,95,95.02,"Pegunungan Bintang","Jl. Utama, Pegunungan Bintang",,/assets/brand/logos/pdam/pegunungan-bintang.png,,
pdam-yahukimo-9503,"Perumda Air Minum Kabupaten Yahukimo",perumda-air-minum-kabupaten-yahukimo,95,95.03,Yahukimo,"Jl. Utama, Yahukimo",,/assets/brand/logos/pdam/yahukimo.png,,
pdam-tolikara-9504,"Perumda Air Minum Kabupaten Tolikara",perumda-air-minum-kabupaten-tolikara,95,95.04,Tolikara,"Jl. Utama, Tolikara",,/assets/brand/logos/pdam/tolikara.png,,
pdam-mamberamo-tengah-9505,"Perumda Air Minum Kabupaten Mamberamo Tengah",perumda-air-minum-kabupaten-mamberamo-tengah,95,95.05,"Mamberamo Tengah","Jl. Utama, Mamberamo Tengah",,/assets/brand/logos/pdam/mamberamo-tengah.png,,
pdam-yalimo-9506,"Perumda Air Minum Kabupaten Yalimo",perumda-air-minum-kabupaten-yalimo,95,95.06,Yalimo,"Jl. Utama, Yalimo",,/assets/brand/logos/pdam/yalimo.png,,
pdam-lanny-jaya-9507,"Perumda Air Minum Kabupaten Lanny Jaya",perumda-air-minum-kabupaten-lanny-jaya,95,95.07,"Lanny Jaya","Jl. Utama, Lanny Jaya",,/assets/brand/logos/pdam/lanny-jaya.png,,
pdam-nduga-9508,"Perumda Air Minum Kabupaten Nduga",perumda-air-minum-kabupaten-nduga,95,95.08,Nduga,"Jl. Utama, Nduga",,/assets/brand/logos/pdam/nduga.png,,
pdam-sorong-9601,"Perumda Air Minum Kabupaten Sorong",perumda-air-minum-kabupaten-sorong,96,96.01,Sorong,"Jl. Utama, Sorong",,/assets/brand/logos/pdam/sorong.png,,
pdam-sorong-selatan-9602,"Perumda Air Minum Kabupaten Sorong Selatan",perumda-air-minum-kabupaten-sorong-selatan,96,96.02,"Sorong Selatan","Jl. Utama, Sorong Selatan",,/assets/brand/logos/pdam/sorong-selatan.png,,
pdam-raja-ampat-9603,"Perumda Air Minum Kabupaten Raja Ampat",perumda-air-minum-kabupaten-raja-ampat,96,96.03,"Raja Ampat","Jl. Utama, Raja Ampat",,/assets/brand/logos/pdam/raja-ampat.png,,
pdam-tambrauw-9604,"Perumda Air Minum Kabupaten Tambrauw",perumda-air-minum-kabupaten-tambrauw,96,96.04,Tambrauw,"Jl. Utama, Tambrauw",,/assets/brand/logos/pdam/tambrauw.png,,
pdam-maybrat-9605,"Perumda Air Minum Kabupaten Maybrat",perumda-air-minum-kabupaten-maybrat,96,96.05,Maybrat,"Jl. Utama, Maybrat",,/assets/brand/logos/pdam/maybrat.png,,
pdam-sorong-9671,"Perumda Air Minum Kota Sorong",perumda-air-minum-kota-sorong,96,96.71,Sorong,"Jl. Utama, Sorong",,/assets/brand/logos/pdam/sorong.png,,
